#chr	pos	coverage
MN450851	106	317
MN450851	107	37906
MN450851	108	38035
MN450851	109	38481
MN450851	110	38697
MN450851	111	38955
MN450851	112	39240
MN450851	113	39351
MN450851	114	39510
MN450851	115	39680
MN450851	116	39877
MN450851	117	40118
MN450851	118	40329
MN450851	119	40559
MN450851	120	40787
MN450851	121	41126
MN450851	122	41254
MN450851	123	41387
MN450851	124	41947
MN450851	125	42235
MN450851	126	42309
MN450851	127	42435
MN450851	128	42432
MN450851	129	42918
MN450851	130	43151
MN450851	131	43266
MN450851	132	43483
MN450851	133	43586
MN450851	134	43666
MN450851	135	43711
MN450851	136	43888
MN450851	137	43997
MN450851	138	44068
MN450851	139	43828
MN450851	140	43837
MN450851	141	43940
MN450851	142	44116
MN450851	143	44285
MN450851	144	44228
MN450851	145	44252
MN450851	146	44291
MN450851	147	44389
MN450851	148	44447
MN450851	149	44628
MN450851	150	44596
MN450851	151	44783
MN450851	152	44794
MN450851	153	44724
MN450851	154	44822
MN450851	155	44946
MN450851	156	44817
MN450851	157	44991
MN450851	158	44985
MN450851	159	44948
MN450851	160	44961
MN450851	161	44346
MN450851	162	44343
MN450851	163	44352
MN450851	164	44330
MN450851	165	44523
MN450851	166	44382
MN450851	167	44340
MN450851	168	44246
MN450851	169	44187
MN450851	170	44227
MN450851	171	44086
MN450851	172	44362
MN450851	173	44307
MN450851	174	44213
MN450851	175	44170
MN450851	176	44219
MN450851	177	44154
MN450851	178	44419
MN450851	179	44201
MN450851	180	44197
MN450851	181	44074
MN450851	182	44077
MN450851	183	43842
MN450851	184	44132
MN450851	185	44023
MN450851	186	44150
MN450851	187	44064
MN450851	188	44058
MN450851	189	44088
MN450851	190	44035
MN450851	191	44191
MN450851	192	44101
MN450851	193	42671
MN450851	194	42456
MN450851	195	42465
MN450851	196	42226
MN450851	197	41933
MN450851	198	41858
MN450851	199	41757
MN450851	200	41408
MN450851	201	41307
MN450851	202	40929
MN450851	203	40767
MN450851	204	40741
MN450851	205	40716
MN450851	206	40577
MN450851	207	40400
MN450851	208	40269
MN450851	209	40298
MN450851	210	39905
MN450851	211	39794
MN450851	212	39853
MN450851	213	39172
MN450851	214	39042
MN450851	215	39006
MN450851	216	39037
MN450851	217	37983
MN450851	218	38071
MN450851	219	37832
MN450851	220	37784
MN450851	221	37871
MN450851	222	37786
MN450851	223	37383
MN450851	224	37441
MN450851	225	37653
MN450851	226	37668
MN450851	227	37633
MN450851	228	37756
MN450851	229	37737
MN450851	230	37584
MN450851	231	37491
MN450851	232	37401
MN450851	233	37660
MN450851	234	37367
MN450851	235	24766
MN450851	236	24409
MN450851	237	23932
MN450851	238	21639
MN450851	239	20801
MN450851	240	20753
MN450851	241	20508
MN450851	242	20217
MN450851	243	20189
MN450851	244	20234
MN450851	245	20094
MN450851	246	19968
MN450851	247	20158
MN450851	248	20169
MN450851	249	20115
MN450851	250	19499
MN450851	251	19294
MN450851	252	19189
MN450851	253	19164
MN450851	254	19241
MN450851	255	19294
MN450851	256	19371
MN450851	257	19057
MN450851	258	19019
MN450851	259	18987
MN450851	260	18952
MN450851	261	18966
MN450851	262	18755
MN450851	263	18729
MN450851	264	18747
MN450851	265	18696
MN450851	266	18536
MN450851	267	18507
MN450851	268	18502
MN450851	269	18529
MN450851	270	18318
MN450851	271	17866
MN450851	272	17799
MN450851	273	17705
MN450851	274	17837
MN450851	275	17454
MN450851	276	17214
MN450851	277	17213
MN450851	278	17199
MN450851	279	17302
MN450851	280	17081
MN450851	281	16872
MN450851	282	16881
MN450851	283	16726
MN450851	284	16604
MN450851	285	16650
MN450851	286	16795
MN450851	287	16671
MN450851	288	16593
MN450851	289	16483
MN450851	290	16461
MN450851	291	16582
MN450851	292	16567
MN450851	293	16450
MN450851	294	16511
MN450851	295	16496
MN450851	296	16594
MN450851	297	16689
MN450851	298	16585
MN450851	299	16593
MN450851	300	16791
MN450851	301	16810
MN450851	302	16521
MN450851	303	16343
MN450851	304	16500
MN450851	305	16452
MN450851	306	16404
MN450851	307	16466
MN450851	308	16309
MN450851	309	16329
MN450851	310	16225
MN450851	311	16330
MN450851	312	16476
MN450851	313	16349
MN450851	314	16240
MN450851	315	16189
MN450851	316	16139
MN450851	317	16224
MN450851	318	16250
MN450851	319	16171
MN450851	320	16222
MN450851	321	16243
MN450851	322	16261
MN450851	323	15969
MN450851	324	16042
MN450851	325	16073
MN450851	326	16026
MN450851	327	16173
MN450851	328	16240
MN450851	329	16189
MN450851	330	16124
MN450851	331	16127
MN450851	332	16156
MN450851	333	15820
MN450851	334	15691
MN450851	335	15588
MN450851	336	15529
MN450851	337	15457
MN450851	338	15480
MN450851	339	15529
MN450851	340	15435
MN450851	341	15407
MN450851	342	15312
MN450851	343	15360
MN450851	344	15286
MN450851	345	15288
MN450851	346	15216
MN450851	347	15229
MN450851	348	15269
MN450851	349	15139
MN450851	350	15083
MN450851	351	15066
MN450851	352	15163
MN450851	353	15214
MN450851	354	15181
MN450851	355	14912
MN450851	356	14966
MN450851	357	14989
MN450851	358	15001
MN450851	359	14884
MN450851	360	15086
MN450851	361	15092
MN450851	362	15043
MN450851	363	15011
MN450851	364	15067
MN450851	365	15107
MN450851	366	15073
MN450851	367	14828
MN450851	368	15066
MN450851	369	14991
MN450851	370	15017
MN450851	371	14750
MN450851	372	14623
MN450851	373	14678
MN450851	374	14620
MN450851	375	14606
MN450851	376	14475
MN450851	377	14416
MN450851	378	14405
MN450851	379	14404
MN450851	380	14452
MN450851	381	14460
MN450851	382	14468
MN450851	383	14648
MN450851	384	14340
MN450851	385	14301
MN450851	386	14329
MN450851	387	14335
MN450851	388	14409
MN450851	389	14449
MN450851	390	14473
MN450851	391	14275
MN450851	392	14180
MN450851	393	14438
MN450851	394	14475
MN450851	395	14345
MN450851	396	14323
MN450851	397	14365
MN450851	398	14261
MN450851	399	14222
MN450851	400	14167
MN450851	401	14062
MN450851	402	14025
MN450851	403	14008
MN450851	404	13985
MN450851	405	14254
MN450851	406	14236
MN450851	407	14170
MN450851	408	14274
MN450851	409	14373
MN450851	410	14584
MN450851	411	14556
MN450851	412	14494
MN450851	413	14532
MN450851	414	14488
MN450851	415	14429
MN450851	416	14419
MN450851	417	14488
MN450851	418	14311
MN450851	419	14259
MN450851	420	14129
MN450851	421	14146
MN450851	422	14013
MN450851	423	13971
MN450851	424	13983
MN450851	425	13982
MN450851	426	13947
MN450851	427	13920
MN450851	428	13927
MN450851	429	13941
MN450851	430	13920
MN450851	431	14013
MN450851	432	14107
MN450851	433	13869
MN450851	434	13865
MN450851	435	13891
MN450851	436	13874
MN450851	437	13994
MN450851	438	13953
MN450851	439	14052
MN450851	440	14033
MN450851	441	14076
MN450851	442	14046
MN450851	443	13936
MN450851	444	13888
MN450851	445	13854
MN450851	446	13851
MN450851	447	13767
MN450851	448	13737
MN450851	449	13704
MN450851	450	13763
MN450851	451	13495
MN450851	452	13549
MN450851	453	13734
MN450851	454	13756
MN450851	455	13556
MN450851	456	13600
MN450851	457	13640
MN450851	458	13636
MN450851	459	13515
MN450851	460	13574
MN450851	461	13617
MN450851	462	13540
MN450851	463	13489
MN450851	464	13412
MN450851	465	13379
MN450851	466	13422
MN450851	467	13388
MN450851	468	13496
MN450851	469	13487
MN450851	470	13523
MN450851	471	13479
MN450851	472	13429
MN450851	473	13438
MN450851	474	13697
MN450851	475	13645
MN450851	476	13515
MN450851	477	13521
MN450851	478	13398
MN450851	479	13209
MN450851	480	13173
MN450851	481	13195
MN450851	482	13191
MN450851	483	13201
MN450851	484	13260
MN450851	485	13217
MN450851	486	13262
MN450851	487	13199
MN450851	488	13181
MN450851	489	13137
MN450851	490	13116
MN450851	491	13311
MN450851	492	13327
MN450851	493	13255
MN450851	494	13206
MN450851	495	13138
MN450851	496	13166
MN450851	497	13208
MN450851	498	13179
MN450851	499	13329
MN450851	500	13223
MN450851	501	13311
MN450851	502	13330
MN450851	503	13017
MN450851	504	12960
MN450851	505	13007
MN450851	506	13098
MN450851	507	13022
MN450851	508	13017
MN450851	509	13000
MN450851	510	13113
MN450851	511	13045
MN450851	512	13059
MN450851	513	13098
MN450851	514	13168
MN450851	515	13144
MN450851	516	13064
MN450851	517	13003
MN450851	518	13035
MN450851	519	12910
MN450851	520	12919
MN450851	521	12897
MN450851	522	12849
MN450851	523	12871
MN450851	524	12821
MN450851	525	12930
MN450851	526	12917
MN450851	527	12964
MN450851	528	12937
MN450851	529	13068
MN450851	530	13087
MN450851	531	12954
MN450851	532	12910
MN450851	533	12894
MN450851	534	12898
MN450851	535	12918
MN450851	536	12917
MN450851	537	12902
MN450851	538	12860
MN450851	539	12812
MN450851	540	12779
MN450851	541	12800
MN450851	542	13049
MN450851	543	13042
MN450851	544	12546
MN450851	545	12530
MN450851	546	12625
MN450851	547	12564
MN450851	548	12524
MN450851	549	12455
MN450851	550	12449
MN450851	551	12514
MN450851	552	12623
MN450851	553	12618
MN450851	554	12494
MN450851	555	12447
MN450851	556	12301
MN450851	557	12441
MN450851	558	12397
MN450851	559	12153
MN450851	560	12110
MN450851	561	12103
MN450851	562	12084
MN450851	563	12000
MN450851	564	12066
MN450851	565	11931
MN450851	566	11986
MN450851	567	11981
MN450851	568	12074
MN450851	569	12092
MN450851	570	11996
MN450851	571	12060
MN450851	572	11979
MN450851	573	12037
MN450851	574	12053
MN450851	575	12167
MN450851	576	12119
MN450851	577	12165
MN450851	578	12188
MN450851	579	12209
MN450851	580	12082
MN450851	581	12060
MN450851	582	12257
MN450851	583	12291
MN450851	584	12308
MN450851	585	12208
MN450851	586	12174
MN450851	587	12238
MN450851	588	12224
MN450851	589	12187
MN450851	590	12155
MN450851	591	12148
MN450851	592	12157
MN450851	593	12307
MN450851	594	12344
MN450851	595	12458
MN450851	596	12410
MN450851	597	12322
MN450851	598	12356
MN450851	599	12371
MN450851	600	12354
MN450851	601	12319
MN450851	602	12356
MN450851	603	12234
MN450851	604	12172
MN450851	605	12201
MN450851	606	12158
MN450851	607	12078
MN450851	608	12060
MN450851	609	11946
MN450851	610	11979
MN450851	611	11874
MN450851	612	11841
MN450851	613	11886
MN450851	614	11876
MN450851	615	11805
MN450851	616	12086
MN450851	617	12001
MN450851	618	12091
MN450851	619	12077
MN450851	620	12007
MN450851	621	12088
MN450851	622	12019
MN450851	623	12094
MN450851	624	12185
MN450851	625	11976
MN450851	626	12018
MN450851	627	12131
MN450851	628	12093
MN450851	629	12097
MN450851	630	12117
MN450851	631	12261
MN450851	632	12221
MN450851	633	12439
MN450851	634	12474
MN450851	635	12410
MN450851	636	12467
MN450851	637	12335
MN450851	638	12332
MN450851	639	12298
MN450851	640	12395
MN450851	641	12366
MN450851	642	12315
MN450851	643	12326
MN450851	644	12400
MN450851	645	12577
MN450851	646	12577
MN450851	647	12513
MN450851	648	12478
MN450851	649	12453
MN450851	650	12333
MN450851	651	12329
MN450851	652	12382
MN450851	653	12343
MN450851	654	12254
MN450851	655	12281
MN450851	656	12230
MN450851	657	12273
MN450851	658	12249
MN450851	659	12382
MN450851	660	12350
MN450851	661	12342
MN450851	662	12385
MN450851	663	12433
MN450851	664	12322
MN450851	665	12244
MN450851	666	12206
MN450851	667	12243
MN450851	668	12229
MN450851	669	12407
MN450851	670	12367
MN450851	671	12255
MN450851	672	12409
MN450851	673	12433
MN450851	674	12375
MN450851	675	12373
MN450851	676	12471
MN450851	677	12436
MN450851	678	12382
MN450851	679	12370
MN450851	680	12421
MN450851	681	12313
MN450851	682	12409
MN450851	683	12411
MN450851	684	12452
MN450851	685	12533
MN450851	686	12512
MN450851	687	12603
MN450851	688	12522
MN450851	689	12531
MN450851	690	12558
MN450851	691	12563
MN450851	692	12657
MN450851	693	12599
MN450851	694	12813
MN450851	695	12779
MN450851	696	12834
MN450851	697	12864
MN450851	698	12895
MN450851	699	12945
MN450851	700	13003
MN450851	701	12959
MN450851	702	12946
MN450851	703	12870
MN450851	704	12832
MN450851	705	12796
MN450851	706	12872
MN450851	707	12820
MN450851	708	12837
MN450851	709	12842
MN450851	710	12849
MN450851	711	12910
MN450851	712	12914
MN450851	713	12851
MN450851	714	12856
MN450851	715	12888
MN450851	716	13006
MN450851	717	12985
MN450851	718	12938
MN450851	719	12806
MN450851	720	12894
MN450851	721	12939
MN450851	722	12836
MN450851	723	12947
MN450851	724	13041
MN450851	725	13045
MN450851	726	13060
MN450851	727	13154
MN450851	728	13094
MN450851	729	13043
MN450851	730	13015
MN450851	731	13025
MN450851	732	13054
MN450851	733	12996
MN450851	734	12866
MN450851	735	12777
MN450851	736	12856
MN450851	737	12799
MN450851	738	12826
MN450851	739	12784
MN450851	740	12726
MN450851	741	12816
MN450851	742	12816
MN450851	743	13044
MN450851	744	12815
MN450851	745	12627
MN450851	746	12610
MN450851	747	12627
MN450851	748	12681
MN450851	749	12623
MN450851	750	12684
MN450851	751	12666
MN450851	752	12672
MN450851	753	12756
MN450851	754	12862
MN450851	755	12831
MN450851	756	12821
MN450851	757	12793
MN450851	758	12807
MN450851	759	12906
MN450851	760	13026
MN450851	761	13007
MN450851	762	12979
MN450851	763	12939
MN450851	764	13012
MN450851	765	12992
MN450851	766	12993
MN450851	767	12945
MN450851	768	12995
MN450851	769	12902
MN450851	770	12908
MN450851	771	12737
MN450851	772	12704
MN450851	773	12681
MN450851	774	12625
MN450851	775	12745
MN450851	776	12818
MN450851	777	12707
MN450851	778	12621
MN450851	779	12584
MN450851	780	12642
MN450851	781	12489
MN450851	782	12373
MN450851	783	12394
MN450851	784	12314
MN450851	785	12462
MN450851	786	12469
MN450851	787	12374
MN450851	788	12377
MN450851	789	12485
MN450851	790	12545
MN450851	791	12406
MN450851	792	12497
MN450851	793	12512
MN450851	794	12496
MN450851	795	12745
MN450851	796	12657
MN450851	797	12629
MN450851	798	12645
MN450851	799	12642
MN450851	800	12615
MN450851	801	12538
MN450851	802	12590
MN450851	803	12575
MN450851	804	12305
MN450851	805	12276
MN450851	806	12222
MN450851	807	12260
MN450851	808	12250
MN450851	809	12300
MN450851	810	12216
MN450851	811	12293
MN450851	812	12357
MN450851	813	12390
MN450851	814	12277
MN450851	815	12241
MN450851	816	12245
MN450851	817	12251
MN450851	818	12421
MN450851	819	12322
MN450851	820	12136
MN450851	821	12174
MN450851	822	12190
MN450851	823	12071
MN450851	824	12080
MN450851	825	12126
MN450851	826	12170
MN450851	827	12041
MN450851	828	12030
MN450851	829	12156
MN450851	830	12079
MN450851	831	12019
MN450851	832	12088
MN450851	833	12091
MN450851	834	12159
MN450851	835	12140
MN450851	836	12138
MN450851	837	12123
MN450851	838	11911
MN450851	839	11957
MN450851	840	11975
MN450851	841	12127
MN450851	842	12104
MN450851	843	11947
MN450851	844	11958
MN450851	845	11764
MN450851	846	11834
MN450851	847	11771
MN450851	848	11749
MN450851	849	11856
MN450851	850	11892
MN450851	851	11815
MN450851	852	11853
MN450851	853	11921
MN450851	854	11956
MN450851	855	11988
MN450851	856	11967
MN450851	857	11941
MN450851	858	12132
MN450851	859	12076
MN450851	860	12019
MN450851	861	12023
MN450851	862	12030
MN450851	863	12174
MN450851	864	12308
MN450851	865	12109
MN450851	866	12041
MN450851	867	12035
MN450851	868	12057
MN450851	869	12170
MN450851	870	12181
MN450851	871	12181
MN450851	872	12134
MN450851	873	12295
MN450851	874	12283
MN450851	875	12240
MN450851	876	12204
MN450851	877	12169
MN450851	878	12158
MN450851	879	12201
MN450851	880	12298
MN450851	881	12336
MN450851	882	12509
MN450851	883	12537
MN450851	884	12511
MN450851	885	12528
MN450851	886	12690
MN450851	887	12674
MN450851	888	12625
MN450851	889	12612
MN450851	890	12548
MN450851	891	12534
MN450851	892	12389
MN450851	893	12333
MN450851	894	12288
MN450851	895	12321
MN450851	896	12332
MN450851	897	12369
MN450851	898	12442
MN450851	899	12518
MN450851	900	12723
MN450851	901	12550
MN450851	902	12586
MN450851	903	12592
MN450851	904	12619
MN450851	905	12502
MN450851	906	12505
MN450851	907	12534
MN450851	908	12572
MN450851	909	12572
MN450851	910	12541
MN450851	911	12520
MN450851	912	12702
MN450851	913	12640
MN450851	914	12725
MN450851	915	12596
MN450851	916	12530
MN450851	917	12516
MN450851	918	12324
MN450851	919	8636
MN450851	920	11737
MN450851	921	12183
MN450851	922	12236
MN450851	923	12279
MN450851	924	12277
MN450851	925	12288
MN450851	926	12204
MN450851	927	12263
MN450851	928	12363
MN450851	929	12369
MN450851	930	12239
MN450851	931	12253
MN450851	932	12319
MN450851	933	12360
MN450851	934	12428
MN450851	935	12309
MN450851	936	12342
MN450851	937	12385
MN450851	938	12402
MN450851	939	12375
MN450851	940	12362
MN450851	941	12290
MN450851	942	12357
MN450851	943	12717
MN450851	944	12596
MN450851	945	12614
MN450851	946	12506
MN450851	947	12471
MN450851	948	12726
MN450851	949	12821
MN450851	950	12773
MN450851	951	12767
MN450851	952	12741
MN450851	953	12876
MN450851	954	12971
MN450851	955	12919
MN450851	956	12892
MN450851	957	12879
MN450851	958	12900
MN450851	959	12911
MN450851	960	13094
MN450851	961	13084
MN450851	962	12875
MN450851	963	12734
MN450851	964	12683
MN450851	965	12818
MN450851	966	12840
MN450851	967	12923
MN450851	968	12960
MN450851	969	12932
MN450851	970	12999
MN450851	971	13075
MN450851	972	13103
MN450851	973	12936
MN450851	974	12928
MN450851	975	12922
MN450851	976	12911
MN450851	977	13045
MN450851	978	13037
MN450851	979	13089
MN450851	980	12963
MN450851	981	13078
MN450851	982	13101
MN450851	983	13079
MN450851	984	13152
MN450851	985	13108
MN450851	986	13001
MN450851	987	13070
MN450851	988	13067
MN450851	989	13099
MN450851	990	13118
MN450851	991	13113
MN450851	992	13120
MN450851	993	13146
MN450851	994	13031
MN450851	995	13116
MN450851	996	13092
MN450851	997	13330
MN450851	998	13365
MN450851	999	13309
MN450851	1000	13281
MN450851	1001	13211
MN450851	1002	13215
MN450851	1003	13274
MN450851	1004	13320
MN450851	1005	13290
MN450851	1006	13284
MN450851	1007	13346
MN450851	1008	13409
MN450851	1009	13331
MN450851	1010	13327
MN450851	1011	13357
MN450851	1012	13436
MN450851	1013	13459
MN450851	1014	13460
MN450851	1015	13427
MN450851	1016	13470
MN450851	1017	13507
MN450851	1018	13542
MN450851	1019	13562
MN450851	1020	13525
MN450851	1021	13533
MN450851	1022	13620
MN450851	1023	13612
MN450851	1024	13703
MN450851	1025	13709
MN450851	1026	13697
MN450851	1027	13761
MN450851	1028	13657
MN450851	1029	13724
MN450851	1030	13783
MN450851	1031	13642
MN450851	1032	13638
MN450851	1033	13552
MN450851	1034	13519
MN450851	1035	13698
MN450851	1036	13662
MN450851	1037	13571
MN450851	1038	13536
MN450851	1039	13606
MN450851	1040	13826
MN450851	1041	13816
MN450851	1042	13875
MN450851	1043	13986
MN450851	1044	13985
MN450851	1045	13863
MN450851	1046	13796
MN450851	1047	13903
MN450851	1048	13846
MN450851	1049	13653
MN450851	1050	13741
MN450851	1051	13777
MN450851	1052	13849
MN450851	1053	13724
MN450851	1054	13734
MN450851	1055	13682
MN450851	1056	13729
MN450851	1057	13777
MN450851	1058	13775
MN450851	1059	13892
MN450851	1060	13856
MN450851	1061	14037
MN450851	1062	14010
MN450851	1063	14046
MN450851	1064	13942
MN450851	1065	13962
MN450851	1066	14266
MN450851	1067	14253
MN450851	1068	14236
MN450851	1069	14253
MN450851	1070	14211
MN450851	1071	14229
MN450851	1072	14344
MN450851	1073	14368
MN450851	1074	14244
MN450851	1075	14181
MN450851	1076	14245
MN450851	1077	14411
MN450851	1078	14273
MN450851	1079	14431
MN450851	1080	14368
MN450851	1081	14360
MN450851	1082	14334
MN450851	1083	14280
MN450851	1084	14232
MN450851	1085	14148
MN450851	1086	14236
MN450851	1087	14294
MN450851	1088	14352
MN450851	1089	14311
MN450851	1090	14325
MN450851	1091	14538
MN450851	1092	14571
MN450851	1093	14519
MN450851	1094	14334
MN450851	1095	14397
MN450851	1096	14428
MN450851	1097	14684
MN450851	1098	14765
MN450851	1099	14600
MN450851	1100	14421
MN450851	1101	14388
MN450851	1102	14408
MN450851	1103	14517
MN450851	1104	14372
MN450851	1105	14383
MN450851	1106	14328
MN450851	1107	14333
MN450851	1108	14435
MN450851	1109	14438
MN450851	1110	14641
MN450851	1111	14385
MN450851	1112	14408
MN450851	1113	14519
MN450851	1114	14464
MN450851	1115	14647
MN450851	1116	14539
MN450851	1117	14533
MN450851	1118	14369
MN450851	1119	14401
MN450851	1120	14619
MN450851	1121	14489
MN450851	1122	14379
MN450851	1123	14393
MN450851	1124	14371
MN450851	1125	14404
MN450851	1126	14519
MN450851	1127	14671
MN450851	1128	14548
MN450851	1129	14647
MN450851	1130	14745
MN450851	1131	14964
MN450851	1132	14698
MN450851	1133	14736
MN450851	1134	14742
MN450851	1135	14712
MN450851	1136	15109
MN450851	1137	15096
MN450851	1138	15062
MN450851	1139	15203
MN450851	1140	15126
MN450851	1141	15107
MN450851	1142	15188
MN450851	1143	15179
MN450851	1144	15111
MN450851	1145	15094
MN450851	1146	15051
MN450851	1147	15298
MN450851	1148	15206
MN450851	1149	15260
MN450851	1150	15298
MN450851	1151	15333
MN450851	1152	15408
MN450851	1153	15636
MN450851	1154	15635
MN450851	1155	15607
MN450851	1156	15634
MN450851	1157	15637
MN450851	1158	15700
MN450851	1159	15674
MN450851	1160	15800
MN450851	1161	15780
MN450851	1162	15813
MN450851	1163	15772
MN450851	1164	15834
MN450851	1165	15861
MN450851	1166	15906
MN450851	1167	16313
MN450851	1168	16265
MN450851	1169	16313
MN450851	1170	16269
MN450851	1171	16374
MN450851	1172	16373
MN450851	1173	16372
MN450851	1174	16481
MN450851	1175	16408
MN450851	1176	16407
MN450851	1177	16374
MN450851	1178	16383
MN450851	1179	16321
MN450851	1180	16425
MN450851	1181	16401
MN450851	1182	16429
MN450851	1183	16363
MN450851	1184	16323
MN450851	1185	16309
MN450851	1186	16041
MN450851	1187	16009
MN450851	1188	15970
MN450851	1189	15975
MN450851	1190	15972
MN450851	1191	15775
MN450851	1192	15668
MN450851	1193	15694
MN450851	1194	15640
MN450851	1195	15755
MN450851	1196	15854
MN450851	1197	30075
MN450851	1198	30037
MN450851	1199	30176
MN450851	1200	30181
MN450851	1201	29928
MN450851	1202	29892
MN450851	1203	29877
MN450851	1204	31746
MN450851	1205	32851
MN450851	1206	33095
MN450851	1207	33076
MN450851	1208	33085
MN450851	1209	33219
MN450851	1210	33163
MN450851	1211	33182
MN450851	1212	32811
MN450851	1213	32984
MN450851	1214	33570
MN450851	1215	33652
MN450851	1216	33664
MN450851	1217	33559
MN450851	1218	33729
MN450851	1219	33784
MN450851	1220	33970
MN450851	1221	33998
MN450851	1222	34041
MN450851	1223	34020
MN450851	1224	33880
MN450851	1225	34004
MN450851	1226	34265
MN450851	1227	34503
MN450851	1228	34382
MN450851	1229	34412
MN450851	1230	34335
MN450851	1231	34472
MN450851	1232	34449
MN450851	1233	34388
MN450851	1234	34386
MN450851	1235	34481
MN450851	1236	34489
MN450851	1237	34414
MN450851	1238	34732
MN450851	1239	34779
MN450851	1240	34880
MN450851	1241	34991
MN450851	1242	34825
MN450851	1243	35183
MN450851	1244	35111
MN450851	1245	35008
MN450851	1246	34955
MN450851	1247	34940
MN450851	1248	34793
MN450851	1249	34737
MN450851	1250	34802
MN450851	1251	34748
MN450851	1252	34814
MN450851	1253	34901
MN450851	1254	34807
MN450851	1255	34854
MN450851	1256	34754
MN450851	1257	34730
MN450851	1258	34997
MN450851	1259	34799
MN450851	1260	34610
MN450851	1261	34528
MN450851	1262	34585
MN450851	1263	34535
MN450851	1264	34707
MN450851	1265	34843
MN450851	1266	34674
MN450851	1267	34778
MN450851	1268	34770
MN450851	1269	34886
MN450851	1270	34672
MN450851	1271	34504
MN450851	1272	34480
MN450851	1273	34527
MN450851	1274	34468
MN450851	1275	34434
MN450851	1276	34480
MN450851	1277	34376
MN450851	1278	34391
MN450851	1279	34329
MN450851	1280	34150
MN450851	1281	34003
MN450851	1282	33784
MN450851	1283	33794
MN450851	1284	33788
MN450851	1285	33808
MN450851	1286	33817
MN450851	1287	33656
MN450851	1288	33634
MN450851	1289	33609
MN450851	1290	33448
MN450851	1291	33467
MN450851	1292	33319
MN450851	1293	33225
MN450851	1294	33202
MN450851	1295	33126
MN450851	1296	33075
MN450851	1297	32955
MN450851	1298	32747
MN450851	1299	32593
MN450851	1300	32485
MN450851	1301	32460
MN450851	1302	32247
MN450851	1303	32073
MN450851	1304	31866
MN450851	1305	31733
MN450851	1306	31634
MN450851	1307	31549
MN450851	1308	31492
MN450851	1309	31338
MN450851	1310	31252
MN450851	1311	31137
MN450851	1312	31157
MN450851	1313	31093
MN450851	1314	30779
MN450851	1315	30634
MN450851	1316	30547
MN450851	1317	30430
MN450851	1318	30085
MN450851	1319	30017
MN450851	1320	29809
MN450851	1321	29746
MN450851	1322	29596
MN450851	1323	29500
MN450851	1324	29382
MN450851	1325	29159
MN450851	1326	29064
MN450851	1327	28911
MN450851	1328	7340
MN450851	1329	7267
MN450851	1330	7253
MN450851	1331	7101
MN450851	1332	7024
MN450851	1333	6862
MN450851	1334	6736
MN450851	1335	6625
MN450851	1336	6546
MN450851	1337	6504
MN450851	1338	6422
MN450851	1339	6391
MN450851	1340	6292
MN450851	1341	6181
MN450851	1342	6100
MN450851	1343	6057
MN450851	1344	5798
MN450851	1345	5640
MN450851	1346	5464
MN450851	1347	5400
MN450851	1348	13
MN450851	1349	8
MN450851	1350	8
MN450851	1351	8
MN450851	1352	6
MN450851	1353	6
MN450851	1354	6
MN450851	1355	6
MN450851	1356	6
MN450851	1357	6
MN450851	1358	6
MN450851	1359	6
MN450851	1360	6
MN450851	1361	3
MN450851	1362	3
MN450851	1363	3
MN450851	2201	9
MN450851	2202	9
MN450851	2203	9
MN450851	2204	9
MN450851	2205	9
MN450851	2206	9
MN450851	2207	9
MN450851	2208	9
MN450851	2209	9
MN450851	2210	9
MN450851	2211	9
MN450851	2212	9
MN450851	2213	9
MN450851	2214	9
MN450851	2215	9
MN450851	2216	9
MN450851	2217	9
MN450851	2218	9
MN450851	2219	9
MN450851	2220	6
MN450851	2221	6
MN450851	2222	6
MN450851	2223	6
MN450851	2224	6
MN450851	2225	6
MN450851	2226	6
MN450851	2227	6
MN450851	2228	6
MN450851	2229	6
MN450851	2230	6
MN450851	2231	6
MN450851	2232	6
MN450851	2233	6
MN450851	2234	6
MN450851	2235	6
MN450851	2236	6
MN450851	2237	6
MN450851	2238	6
MN450851	2239	6
MN450851	2240	6
MN450851	2241	6
MN450851	2242	8
MN450851	2243	8
MN450851	2244	8
MN450851	2245	8
MN450851	2246	8
MN450851	2247	8
MN450851	2248	8
MN450851	2249	8
MN450851	2250	8
MN450851	2251	8
MN450851	2252	8
MN450851	2253	8
MN450851	2254	8
MN450851	2255	8
MN450851	2256	8
MN450851	2257	8
MN450851	2258	8
MN450851	2259	8
MN450851	2260	8
MN450851	2261	8
MN450851	2262	8
MN450851	2263	8
MN450851	2264	8
MN450851	2265	8
MN450851	2266	8
MN450851	2267	8
MN450851	2268	8
MN450851	2269	8
MN450851	2270	8
MN450851	2271	8
MN450851	2272	8
MN450851	2273	8
MN450851	2274	8
MN450851	2275	8
MN450851	2276	8
MN450851	2277	8
MN450851	2278	8
MN450851	2279	8
MN450851	2280	8
MN450851	2281	8
MN450851	2282	10
MN450851	2283	10
MN450851	2284	10
MN450851	2285	10
MN450851	2286	10
MN450851	2287	10
MN450851	2288	10
MN450851	2289	10
MN450851	2290	10
MN450851	2291	10
MN450851	2292	10
MN450851	2293	10
MN450851	2294	10
MN450851	2295	10
MN450851	2296	11
MN450851	2297	11
MN450851	2298	11
MN450851	2299	11
MN450851	2300	9
MN450851	2301	9
MN450851	2302	9
MN450851	2303	9
MN450851	2304	9
MN450851	2305	9
MN450851	2306	9
MN450851	2307	9
MN450851	2308	9
MN450851	2309	9
MN450851	2310	9
MN450851	2311	9
MN450851	2312	9
MN450851	2313	9
MN450851	2314	9
MN450851	2315	9
MN450851	2316	9
MN450851	2317	9
MN450851	2318	9
MN450851	2319	9
MN450851	2320	9
MN450851	2321	9
MN450851	2322	9
MN450851	2323	9
MN450851	2324	9
MN450851	2325	9
MN450851	2326	9
MN450851	2327	9
MN450851	2328	9
MN450851	2329	9
MN450851	2330	9
MN450851	2331	9
MN450851	2332	9
MN450851	2333	9
MN450851	2334	9
MN450851	2335	9
MN450851	2336	9
MN450851	2337	9
MN450851	2338	9
MN450851	2339	7
MN450851	2340	7
MN450851	2341	7
MN450851	2342	7
MN450851	2343	7
MN450851	2344	7
MN450851	2345	7
MN450851	2346	8
MN450851	2347	8
MN450851	2348	8
MN450851	2349	8
MN450851	2350	8
MN450851	2351	8
MN450851	2352	7
MN450851	2353	7
MN450851	2354	6
MN450851	2355	6
MN450851	2356	6
MN450851	2357	6
MN450851	2358	6
MN450851	2359	6
MN450851	2360	6
MN450851	2361	6
MN450851	2362	6
MN450851	2363	6
MN450851	2364	6
MN450851	2365	6
MN450851	2366	6
MN450851	2367	6
MN450851	2368	6
MN450851	2369	6
MN450851	2370	6
MN450851	2371	6
MN450851	2372	6
MN450851	2373	5
MN450851	2374	5
MN450851	2375	5
MN450851	2376	5
MN450851	2377	5
MN450851	2378	5
MN450851	2379	5
MN450851	2380	5
MN450851	2381	5
MN450851	2382	5
MN450851	2383	4
MN450851	2384	4
MN450851	2385	4
MN450851	2386	3
MN450851	2387	3
MN450851	2388	3
MN450851	2389	3
MN450851	2390	3
MN450851	2391	3
MN450851	2392	3
MN450851	2393	3
MN450851	2394	2
MN450851	2395	2
MN450851	2396	2
MN450851	2397	2
MN450851	2398	2
MN450851	2399	2
MN450851	2400	2
MN450851	2401	2
MN450851	2402	2
MN450851	2403	2
MN450851	2404	2
MN450851	2405	2
MN450851	2406	2
MN450851	2407	1
MN450851	2408	1
MN450851	2409	1
MN450851	2410	1
MN450851	2411	1
MN450851	2412	1
MN450851	2413	1
MN450851	2414	1
MN450851	2415	1
MN450851	2416	1
MN450851	2417	1
MN450851	2418	1
MN450851	2419	1
MN450851	2420	1
MN450851	2421	1
MN450851	2422	1
MN450851	2423	1
MN450851	2424	1
MN450851	2425	1
MN450851	2426	1
MN450851	2427	1
MN450851	2428	1
MN450851	2429	1
MN450851	2430	1
MN450851	2431	1
MN450851	2432	1
MN450851	2433	1
MN450851	2434	1
MN450851	2435	1
MN450851	2436	1
MN450851	2437	1
MN450851	2438	1
MN450851	2439	1
MN450851	2440	1
MN450851	2441	1
MN450851	2442	1
MN450851	2443	1
MN450851	2444	1
MN450851	2445	1
MN450851	2446	1
MN450851	2447	1
MN450851	2448	1
MN450851	2449	1
MN450851	2450	1
MN450851	2451	1
MN450851	2452	1
MN450851	2453	1
MN450851	2454	1
MN450851	2455	1
MN450851	2456	1
MN450851	2457	1
MN450851	2458	1
MN450851	2459	1
MN450851	2460	1
MN450851	2461	1
MN450851	2462	1
MN450851	2463	1
MN450851	2464	1
MN450851	2465	1
MN450851	2466	1
MN450851	2467	1
MN450851	2468	1
MN450851	2469	1
MN450851	2470	1
MN450851	2471	1
MN450851	2472	1
MN450851	2473	1
MN450851	2474	1
MN450851	2475	1
MN450851	2476	1
MN450851	2477	1
MN450851	2478	1
MN450851	2479	1
MN450851	2480	1
MN450851	2481	1
MN450851	2482	1
MN450851	2483	1
MN450851	2484	1
MN450851	2485	1
MN450851	2486	1
MN450851	2487	1
MN450851	2488	1
MN450851	2489	1
MN450851	2490	1
MN450851	2491	1
MN450851	2492	1
MN450851	2493	1
MN450851	2494	1
MN450851	2495	1
MN450851	2496	1
MN450851	3548	2
MN450851	3549	11
MN450851	3550	368
MN450851	3551	7203
MN450851	3552	7348
MN450851	3553	7468
MN450851	3554	7498
MN450851	3555	7663
MN450851	3556	7701
MN450851	3557	7923
MN450851	3558	8106
MN450851	3559	8191
MN450851	3560	8247
MN450851	3561	8293
MN450851	3562	8581
MN450851	3563	8789
MN450851	3564	8836
MN450851	3565	8928
MN450851	3566	8965
MN450851	3567	9046
MN450851	3568	9102
MN450851	3569	9144
MN450851	3570	9557
MN450851	3571	33993
MN450851	3572	34132
MN450851	3573	34233
MN450851	3574	34418
MN450851	3575	34492
MN450851	3576	34571
MN450851	3577	34674
MN450851	3578	34743
MN450851	3579	34877
MN450851	3580	34955
MN450851	3581	35239
MN450851	3582	35297
MN450851	3583	35373
MN450851	3584	35431
MN450851	3585	35584
MN450851	3586	35822
MN450851	3587	35819
MN450851	3588	35903
MN450851	3589	35826
MN450851	3590	36047
MN450851	3591	36178
MN450851	3592	36243
MN450851	3593	36459
MN450851	3594	36562
MN450851	3595	36616
MN450851	3596	36699
MN450851	3597	36723
MN450851	3598	36944
MN450851	3599	37067
MN450851	3600	37153
MN450851	3601	37298
MN450851	3602	37365
MN450851	3603	37520
MN450851	3604	37636
MN450851	3605	37681
MN450851	3606	37947
MN450851	3607	38079
MN450851	3608	38308
MN450851	3609	38336
MN450851	3610	38406
MN450851	3611	38518
MN450851	3612	38520
MN450851	3613	38533
MN450851	3614	38723
MN450851	3615	38787
MN450851	3616	38985
MN450851	3617	39280
MN450851	3618	39260
MN450851	3619	39298
MN450851	3620	39250
MN450851	3621	39257
MN450851	3622	39411
MN450851	3623	39591
MN450851	3624	39767
MN450851	3625	39818
MN450851	3626	39964
MN450851	3627	39987
MN450851	3628	40193
MN450851	3629	40279
MN450851	3630	40297
MN450851	3631	40403
MN450851	3632	40469
MN450851	3633	40529
MN450851	3634	40612
MN450851	3635	40545
MN450851	3636	40539
MN450851	3637	40781
MN450851	3638	40778
MN450851	3639	40761
MN450851	3640	40714
MN450851	3641	40871
MN450851	3642	40969
MN450851	3643	41020
MN450851	3644	41191
MN450851	3645	40813
MN450851	3646	40775
MN450851	3647	40714
MN450851	3648	40617
MN450851	3649	40656
MN450851	3650	40002
MN450851	3651	40033
MN450851	3652	39998
MN450851	3653	40073
MN450851	3654	40279
MN450851	3655	40289
MN450851	3656	40417
MN450851	3657	40455
MN450851	3658	40471
MN450851	3659	40593
MN450851	3660	40739
MN450851	3661	40736
MN450851	3662	40659
MN450851	3663	40628
MN450851	3664	40519
MN450851	3665	40524
MN450851	3666	40576
MN450851	3667	40398
MN450851	3668	40704
MN450851	3669	40702
MN450851	3670	40590
MN450851	3671	40583
MN450851	3672	40541
MN450851	3673	40456
MN450851	3674	40626
MN450851	3675	40263
MN450851	3676	40137
MN450851	3677	39967
MN450851	3678	39826
MN450851	3679	39913
MN450851	3680	39733
MN450851	3681	39360
MN450851	3682	39362
MN450851	3683	39435
MN450851	3684	39461
MN450851	3685	39329
MN450851	3686	39265
MN450851	3687	39405
MN450851	3688	39645
MN450851	3689	39732
MN450851	3690	39237
MN450851	3691	38751
MN450851	3692	38659
MN450851	3693	38707
MN450851	3694	38638
MN450851	3695	38641
MN450851	3696	38606
MN450851	3697	38467
MN450851	3698	38355
MN450851	3699	38122
MN450851	3700	37930
MN450851	3701	37327
MN450851	3702	19076
MN450851	3703	18824
MN450851	3704	18625
MN450851	3705	18649
MN450851	3706	18416
MN450851	3707	18492
MN450851	3708	18202
MN450851	3709	18069
MN450851	3710	18231
MN450851	3711	18439
MN450851	3712	18631
MN450851	3713	18266
MN450851	3714	18234
MN450851	3715	18319
MN450851	3716	18252
MN450851	3717	18557
MN450851	3718	18544
MN450851	3719	18694
MN450851	3720	18756
MN450851	3721	18357
MN450851	3722	18363
MN450851	3723	18157
MN450851	3724	18140
MN450851	3725	18262
MN450851	3726	18244
MN450851	3727	18281
MN450851	3728	18223
MN450851	3729	18360
MN450851	3730	18288
MN450851	3731	18286
MN450851	3732	18335
MN450851	3733	18389
MN450851	3734	18501
MN450851	3735	18777
MN450851	3736	18723
MN450851	3737	18543
MN450851	3738	18640
MN450851	3739	18613
MN450851	3740	18623
MN450851	3741	18319
MN450851	3742	18252
MN450851	3743	18305
MN450851	3744	18257
MN450851	3745	18176
MN450851	3746	18482
MN450851	3747	18470
MN450851	3748	18505
MN450851	3749	18400
MN450851	3750	18433
MN450851	3751	18507
MN450851	3752	18392
MN450851	3753	18500
MN450851	3754	18437
MN450851	3755	18454
MN450851	3756	18514
MN450851	3757	18257
MN450851	3758	18291
MN450851	3759	18098
MN450851	3760	18001
MN450851	3761	18000
MN450851	3762	17936
MN450851	3763	17995
MN450851	3764	17987
MN450851	3765	17748
MN450851	3766	17780
MN450851	3767	17641
MN450851	3768	17648
MN450851	3769	17711
MN450851	3770	17746
MN450851	3771	18107
MN450851	3772	18157
MN450851	3773	17943
MN450851	3774	17917
MN450851	3775	17894
MN450851	3776	17893
MN450851	3777	17863
MN450851	3778	17957
MN450851	3779	17849
MN450851	3780	17769
MN450851	3781	17947
MN450851	3782	17857
MN450851	3783	17864
MN450851	3784	17843
MN450851	3785	17900
MN450851	3786	17973
MN450851	3787	18089
MN450851	3788	18010
MN450851	3789	17804
MN450851	3790	17886
MN450851	3791	17858
MN450851	3792	15666
MN450851	3793	15726
MN450851	3794	15776
MN450851	3795	15915
MN450851	3796	16025
MN450851	3797	16095
MN450851	3798	16166
MN450851	3799	16254
MN450851	3800	16366
MN450851	3801	16436
MN450851	3802	16555
MN450851	3803	16711
MN450851	3804	16704
MN450851	3805	16698
MN450851	3806	16798
MN450851	3807	16858
MN450851	3808	16952
MN450851	3809	17042
MN450851	3810	17017
MN450851	3811	17047
MN450851	3812	17427
MN450851	3813	17482
MN450851	3814	17566
MN450851	3815	17606
MN450851	3816	17566
MN450851	3817	17569
MN450851	3818	17603
MN450851	3819	17447
MN450851	3820	17730
MN450851	3821	17524
MN450851	3822	17516
MN450851	3823	17575
MN450851	3824	17594
MN450851	3825	17513
MN450851	3826	17499
MN450851	3827	17569
MN450851	3828	17593
MN450851	3829	17288
MN450851	3830	17248
MN450851	3831	17203
MN450851	3832	17301
MN450851	3833	17330
MN450851	3834	17193
MN450851	3835	17367
MN450851	3836	17371
MN450851	3837	17349
MN450851	3838	16987
MN450851	3839	16918
MN450851	3840	16884
MN450851	3841	16955
MN450851	3842	16928
MN450851	3843	16870
MN450851	3844	16806
MN450851	3845	17058
MN450851	3846	17045
MN450851	3847	17017
MN450851	3848	16915
MN450851	3849	17142
MN450851	3850	17153
MN450851	3851	17238
MN450851	3852	17225
MN450851	3853	17056
MN450851	3854	17471
MN450851	3855	17430
MN450851	3856	17529
MN450851	3857	17561
MN450851	3858	17580
MN450851	3859	17648
MN450851	3860	17663
MN450851	3861	17347
MN450851	3862	17191
MN450851	3863	17148
MN450851	3864	17333
MN450851	3865	17320
MN450851	3866	17146
MN450851	3867	17184
MN450851	3868	17159
MN450851	3869	17163
MN450851	3870	17195
MN450851	3871	17162
MN450851	3872	17108
MN450851	3873	17112
MN450851	3874	17358
MN450851	3875	17237
MN450851	3876	16988
MN450851	3877	17099
MN450851	3878	17160
MN450851	3879	17234
MN450851	3880	17081
MN450851	3881	17027
MN450851	3882	16993
MN450851	3883	16997
MN450851	3884	17036
MN450851	3885	16865
MN450851	3886	16812
MN450851	3887	17214
MN450851	3888	17120
MN450851	3889	17135
MN450851	3890	17120
MN450851	3891	17175
MN450851	3892	17369
MN450851	3893	17250
MN450851	3894	17300
MN450851	3895	17452
MN450851	3896	17659
MN450851	3897	17559
MN450851	3898	17516
MN450851	3899	17600
MN450851	3900	17646
MN450851	3901	17418
MN450851	3902	17254
MN450851	3903	17316
MN450851	3904	17247
MN450851	3905	17147
MN450851	3906	17063
MN450851	3907	16960
MN450851	3908	16977
MN450851	3909	17268
MN450851	3910	17334
MN450851	3911	17425
MN450851	3912	17470
MN450851	3913	17642
MN450851	3914	17542
MN450851	3915	17488
MN450851	3916	17593
MN450851	3917	17294
MN450851	3918	17370
MN450851	3919	17330
MN450851	3920	17492
MN450851	3921	17738
MN450851	3922	17255
MN450851	3923	17136
MN450851	3924	17085
MN450851	3925	17103
MN450851	3926	17425
MN450851	3927	17416
MN450851	3928	17454
MN450851	3929	17477
MN450851	3930	17383
MN450851	3931	17406
MN450851	3932	17456
MN450851	3933	17440
MN450851	3934	17468
MN450851	3935	17412
MN450851	3936	17345
MN450851	3937	17368
MN450851	3938	17334
MN450851	3939	17320
MN450851	3940	17504
MN450851	3941	17315
MN450851	3942	17358
MN450851	3943	17352
MN450851	3944	17272
MN450851	3945	17341
MN450851	3946	17134
MN450851	3947	17150
MN450851	3948	17109
MN450851	3949	17124
MN450851	3950	17070
MN450851	3951	17018
MN450851	3952	17091
MN450851	3953	16921
MN450851	3954	16927
MN450851	3955	17252
MN450851	3956	17227
MN450851	3957	17126
MN450851	3958	17096
MN450851	3959	17179
MN450851	3960	17244
MN450851	3961	17306
MN450851	3962	17372
MN450851	3963	17382
MN450851	3964	17418
MN450851	3965	17404
MN450851	3966	17406
MN450851	3967	17458
MN450851	3968	17604
MN450851	3969	17734
MN450851	3970	17770
MN450851	3971	17525
MN450851	3972	17585
MN450851	3973	17582
MN450851	3974	17530
MN450851	3975	17464
MN450851	3976	17590
MN450851	3977	17656
MN450851	3978	17592
MN450851	3979	17655
MN450851	3980	17572
MN450851	3981	17554
MN450851	3982	17555
MN450851	3983	17382
MN450851	3984	17309
MN450851	3985	17599
MN450851	3986	17200
MN450851	3987	17211
MN450851	3988	17312
MN450851	3989	17419
MN450851	3990	17584
MN450851	3991	17609
MN450851	3992	17517
MN450851	3993	17500
MN450851	3994	17641
MN450851	3995	17633
MN450851	3996	17281
MN450851	3997	17295
MN450851	3998	17210
MN450851	3999	17365
MN450851	4000	17044
MN450851	4001	17054
MN450851	4002	17075
MN450851	4003	16956
MN450851	4004	17037
MN450851	4005	16776
MN450851	4006	16852
MN450851	4007	16736
MN450851	4008	16729
MN450851	4009	16774
MN450851	4010	16676
MN450851	4011	16633
MN450851	4012	16724
MN450851	4013	16975
MN450851	4014	16759
MN450851	4015	16526
MN450851	4016	16526
MN450851	4017	16520
MN450851	4018	16637
MN450851	4019	16697
MN450851	4020	16902
MN450851	4021	16908
MN450851	4022	16863
MN450851	4023	16833
MN450851	4024	16712
MN450851	4025	16645
MN450851	4026	16692
MN450851	4027	16798
MN450851	4028	16730
MN450851	4029	16625
MN450851	4030	16508
MN450851	4031	16522
MN450851	4032	16797
MN450851	4033	16685
MN450851	4034	16734
MN450851	4035	16702
MN450851	4036	16873
MN450851	4037	16758
MN450851	4038	16476
MN450851	4039	16472
MN450851	4040	16410
MN450851	4041	16476
MN450851	4042	16637
MN450851	4043	16545
MN450851	4044	16552
MN450851	4045	16445
MN450851	4046	16465
MN450851	4047	16401
MN450851	4048	16439
MN450851	4049	16463
MN450851	4050	16356
MN450851	4051	16391
MN450851	4052	16337
MN450851	4053	16602
MN450851	4054	16498
MN450851	4055	16510
MN450851	4056	16557
MN450851	4057	16583
MN450851	4058	16593
MN450851	4059	16543
MN450851	4060	16162
MN450851	4061	16175
MN450851	4062	16095
MN450851	4063	16118
MN450851	4064	16080
MN450851	4065	16067
MN450851	4066	16007
MN450851	4067	15973
MN450851	4068	15966
MN450851	4069	15963
MN450851	4070	15980
MN450851	4071	15914
MN450851	4072	16078
MN450851	4073	16089
MN450851	4074	16082
MN450851	4075	16009
MN450851	4076	15856
MN450851	4077	15661
MN450851	4078	15776
MN450851	4079	15796
MN450851	4080	15814
MN450851	4081	15926
MN450851	4082	15810
MN450851	4083	15840
MN450851	4084	16004
MN450851	4085	15946
MN450851	4086	15899
MN450851	4087	15884
MN450851	4088	15853
MN450851	4089	15764
MN450851	4090	15779
MN450851	4091	15702
MN450851	4092	15609
MN450851	4093	15687
MN450851	4094	15939
MN450851	4095	15934
MN450851	4096	15860
MN450851	4097	15876
MN450851	4098	15747
MN450851	4099	15789
MN450851	4100	15748
MN450851	4101	15792
MN450851	4102	15840
MN450851	4103	15708
MN450851	4104	15783
MN450851	4105	15635
MN450851	4106	15718
MN450851	4107	15697
MN450851	4108	15650
MN450851	4109	15820
MN450851	4110	15627
MN450851	4111	15713
MN450851	4112	15723
MN450851	4113	15682
MN450851	4114	15568
MN450851	4115	15597
MN450851	4116	15645
MN450851	4117	15680
MN450851	4118	15663
MN450851	4119	15404
MN450851	4120	15371
MN450851	4121	15333
MN450851	4122	15425
MN450851	4123	15425
MN450851	4124	15382
MN450851	4125	15349
MN450851	4126	15588
MN450851	4127	15401
MN450851	4128	15351
MN450851	4129	15495
MN450851	4130	15367
MN450851	4131	15438
MN450851	4132	15398
MN450851	4133	15440
MN450851	4134	15573
MN450851	4135	15606
MN450851	4136	15518
MN450851	4137	15526
MN450851	4138	15441
MN450851	4139	15273
MN450851	4140	15258
MN450851	4141	15083
MN450851	4142	15099
MN450851	4143	15040
MN450851	4144	15135
MN450851	4145	15073
MN450851	4146	15269
MN450851	4147	15263
MN450851	4148	15272
MN450851	4149	15273
MN450851	4150	15220
MN450851	4151	15232
MN450851	4152	15105
MN450851	4153	15168
MN450851	4154	15239
MN450851	4155	15275
MN450851	4156	15484
MN450851	4157	15424
MN450851	4158	15359
MN450851	4159	15394
MN450851	4160	15360
MN450851	4161	15503
MN450851	4162	16119
MN450851	4163	16076
MN450851	4164	15978
MN450851	4165	16011
MN450851	4166	16010
MN450851	4167	15904
MN450851	4168	15950
MN450851	4169	15751
MN450851	4170	15541
MN450851	4171	15419
MN450851	4172	15509
MN450851	4173	15473
MN450851	4174	15541
MN450851	4175	15683
MN450851	4176	15765
MN450851	4177	15733
MN450851	4178	15770
MN450851	4179	15725
MN450851	4180	15735
MN450851	4181	16020
MN450851	4182	15957
MN450851	4183	15743
MN450851	4184	15889
MN450851	4185	15879
MN450851	4186	15940
MN450851	4187	15885
MN450851	4188	15913
MN450851	4189	15902
MN450851	4190	15892
MN450851	4191	15883
MN450851	4192	15972
MN450851	4193	15866
MN450851	4194	15887
MN450851	4195	15897
MN450851	4196	15868
MN450851	4197	15903
MN450851	4198	15812
MN450851	4199	15945
MN450851	4200	15851
MN450851	4201	16133
MN450851	4202	16141
MN450851	4203	16145
MN450851	4204	16115
MN450851	4205	16172
MN450851	4206	16126
MN450851	4207	16190
MN450851	4208	16283
MN450851	4209	16289
MN450851	4210	16268
MN450851	4211	16188
MN450851	4212	16167
MN450851	4213	16231
MN450851	4214	16148
MN450851	4215	16144
MN450851	4216	16086
MN450851	4217	16015
MN450851	4218	16133
MN450851	4219	15883
MN450851	4220	15754
MN450851	4221	15697
MN450851	4222	15913
MN450851	4223	15657
MN450851	4224	15563
MN450851	4225	15642
MN450851	4226	15728
MN450851	4227	15754
MN450851	4228	15782
MN450851	4229	15501
MN450851	4230	15429
MN450851	4231	15352
MN450851	4232	15369
MN450851	4233	15538
MN450851	4234	15458
MN450851	4235	15439
MN450851	4236	15561
MN450851	4237	15741
MN450851	4238	15710
MN450851	4239	15752
MN450851	4240	15760
MN450851	4241	15636
MN450851	4242	15658
MN450851	4243	15750
MN450851	4244	15513
MN450851	4245	15564
MN450851	4246	15616
MN450851	4247	15505
MN450851	4248	15514
MN450851	4249	15514
MN450851	4250	15494
MN450851	4251	15467
MN450851	4252	15382
MN450851	4253	15323
MN450851	4254	15306
MN450851	4255	15199
MN450851	4256	15500
MN450851	4257	15392
MN450851	4258	15419
MN450851	4259	15432
MN450851	4260	15304
MN450851	4261	15662
MN450851	4262	15388
MN450851	4263	15292
MN450851	4264	15323
MN450851	4265	15466
MN450851	4266	15349
MN450851	4267	15375
MN450851	4268	15403
MN450851	4269	15361
MN450851	4270	15603
MN450851	4271	15617
MN450851	4272	15657
MN450851	4273	15598
MN450851	4274	15582
MN450851	4275	15737
MN450851	4276	15760
MN450851	4277	15707
MN450851	4278	15620
MN450851	4279	15553
MN450851	4280	15434
MN450851	4281	15420
MN450851	4282	15298
MN450851	4283	15309
MN450851	4284	15459
MN450851	4285	15271
MN450851	4286	15304
MN450851	4287	15355
MN450851	4288	15441
MN450851	4289	15576
MN450851	4290	15482
MN450851	4291	15502
MN450851	4292	15502
MN450851	4293	15484
MN450851	4294	15642
MN450851	4295	15604
MN450851	4296	15464
MN450851	4297	15527
MN450851	4298	15480
MN450851	4299	15489
MN450851	4300	15541
MN450851	4301	15489
MN450851	4302	15456
MN450851	4303	15481
MN450851	4304	15395
MN450851	4305	15502
MN450851	4306	15370
MN450851	4307	15366
MN450851	4308	15383
MN450851	4309	15348
MN450851	4310	15356
MN450851	4311	15358
MN450851	4312	15412
MN450851	4313	15046
MN450851	4314	14948
MN450851	4315	15088
MN450851	4316	15112
MN450851	4317	15085
MN450851	4318	15105
MN450851	4319	15065
MN450851	4320	15090
MN450851	4321	15136
MN450851	4322	15245
MN450851	4323	15168
MN450851	4324	15450
MN450851	4325	15302
MN450851	4326	15417
MN450851	4327	15254
MN450851	4328	15272
MN450851	4329	15216
MN450851	4330	15311
MN450851	4331	15467
MN450851	4332	15152
MN450851	4333	15181
MN450851	4334	15303
MN450851	4335	15209
MN450851	4336	15363
MN450851	4337	15373
MN450851	4338	15364
MN450851	4339	15509
MN450851	4340	15519
MN450851	4341	15438
MN450851	4342	15403
MN450851	4343	15410
MN450851	4344	15415
MN450851	4345	15419
MN450851	4346	15636
MN450851	4347	15657
MN450851	4348	15680
MN450851	4349	15660
MN450851	4350	15689
MN450851	4351	15832
MN450851	4352	15758
MN450851	4353	15631
MN450851	4354	15706
MN450851	4355	15631
MN450851	4356	15591
MN450851	4357	15913
MN450851	4358	15893
MN450851	4359	17219
MN450851	4360	17258
MN450851	4361	17335
MN450851	4362	17279
MN450851	4363	17267
MN450851	4364	17279
MN450851	4365	17183
MN450851	4366	17145
MN450851	4367	17185
MN450851	4368	17259
MN450851	4369	17257
MN450851	4370	17288
MN450851	4371	17178
MN450851	4372	17168
MN450851	4373	17095
MN450851	4374	17147
MN450851	4375	17158
MN450851	4376	17046
MN450851	4377	16985
MN450851	4378	22971
MN450851	4379	22879
MN450851	4380	23265
MN450851	4381	23296
MN450851	4382	22717
MN450851	4383	22832
MN450851	4384	22796
MN450851	4385	22934
MN450851	4386	22817
MN450851	4387	22686
MN450851	4388	22642
MN450851	4389	22589
MN450851	4390	22759
MN450851	4391	22735
MN450851	4392	22755
MN450851	4393	22854
MN450851	4394	23069
MN450851	4395	23217
MN450851	4396	23102
MN450851	4397	23180
MN450851	4398	23312
MN450851	4399	23490
MN450851	4400	23430
MN450851	4401	23474
MN450851	4402	23678
MN450851	4403	23721
MN450851	4404	23856
MN450851	4405	23919
MN450851	4406	24005
MN450851	4407	23793
MN450851	4408	23786
MN450851	4409	23758
MN450851	4410	23884
MN450851	4411	23948
MN450851	4412	23783
MN450851	4413	23944
MN450851	4414	23866
MN450851	4415	23977
MN450851	4416	23898
MN450851	4417	24171
MN450851	4418	24195
MN450851	4419	24257
MN450851	4420	24257
MN450851	4421	24093
MN450851	4422	24370
MN450851	4423	24418
MN450851	4424	24361
MN450851	4425	24301
MN450851	4426	24118
MN450851	4427	24146
MN450851	4428	24185
MN450851	4429	24214
MN450851	4430	24486
MN450851	4431	24476
MN450851	4432	24619
MN450851	4433	24644
MN450851	4434	24639
MN450851	4435	24338
MN450851	4436	24581
MN450851	4437	24259
MN450851	4438	24295
MN450851	4439	24276
MN450851	4440	24416
MN450851	4441	24789
MN450851	4442	24462
MN450851	4443	24511
MN450851	4444	24621
MN450851	4445	24605
MN450851	4446	24907
MN450851	4447	24876
MN450851	4448	24806
MN450851	4449	24904
MN450851	4450	25507
MN450851	4451	25410
MN450851	4452	25428
MN450851	4453	25358
MN450851	4454	25401
MN450851	4455	25448
MN450851	4456	25394
MN450851	4457	25351
MN450851	4458	25320
MN450851	4459	25337
MN450851	4460	25585
MN450851	4461	25548
MN450851	4462	25731
MN450851	4463	25771
MN450851	4464	25909
MN450851	4465	25847
MN450851	4466	26074
MN450851	4467	26005
MN450851	4468	25979
MN450851	4469	26224
MN450851	4470	26309
MN450851	4471	26119
MN450851	4472	26072
MN450851	4473	26102
MN450851	4474	26474
MN450851	4475	26374
MN450851	4476	26425
MN450851	4477	26408
MN450851	4478	26423
MN450851	4479	26680
MN450851	4480	26724
MN450851	4481	26722
MN450851	4482	26563
MN450851	4483	26391
MN450851	4484	26320
MN450851	4485	26132
MN450851	4486	26261
MN450851	4487	26106
MN450851	4488	26060
MN450851	4489	26363
MN450851	4490	26058
MN450851	4491	26149
MN450851	4492	26175
MN450851	4493	26303
MN450851	4494	26300
MN450851	4495	26349
MN450851	4496	26459
MN450851	4497	26235
MN450851	4498	26439
MN450851	4499	26153
MN450851	4500	26217
MN450851	4501	26290
MN450851	4502	26283
MN450851	4503	26798
MN450851	4504	26740
MN450851	4505	26788
MN450851	4506	26985
MN450851	4507	27360
MN450851	4508	27257
MN450851	4509	27426
MN450851	4510	24633
MN450851	4511	24563
MN450851	4512	24549
MN450851	4513	24547
MN450851	4514	24531
MN450851	4515	24210
MN450851	4516	24278
MN450851	4517	24219
MN450851	4518	24134
MN450851	4519	24143
MN450851	4520	24119
MN450851	4521	24360
MN450851	4522	24278
MN450851	4523	24431
MN450851	4524	24543
MN450851	4525	24580
MN450851	4526	24659
MN450851	4527	24821
MN450851	4528	24970
MN450851	4529	24835
MN450851	4530	24653
MN450851	4531	24545
MN450851	4532	24664
MN450851	4533	24708
MN450851	4534	24502
MN450851	4535	24497
MN450851	4536	24523
MN450851	4537	24675
MN450851	4538	24958
MN450851	4539	24867
MN450851	4540	25013
MN450851	4541	25399
MN450851	4542	25481
MN450851	4543	25425
MN450851	4544	25278
MN450851	4545	25247
MN450851	4546	25108
MN450851	4547	25463
MN450851	4548	25478
MN450851	4549	25403
MN450851	4550	25335
MN450851	4551	25490
MN450851	4552	25510
MN450851	4553	25921
MN450851	4554	26306
MN450851	4555	26129
MN450851	4556	26529
MN450851	4557	26446
MN450851	4558	26381
MN450851	4559	26400
MN450851	4560	26460
MN450851	4561	26783
MN450851	4562	26707
MN450851	4563	26481
MN450851	4564	26495
MN450851	4565	26552
MN450851	4566	26554
MN450851	4567	26814
MN450851	4568	26666
MN450851	4569	26479
MN450851	4570	26442
MN450851	4571	26549
MN450851	4572	26991
MN450851	4573	26909
MN450851	4574	26722
MN450851	4575	26605
MN450851	4576	26672
MN450851	4577	26638
MN450851	4578	26737
MN450851	4579	26656
MN450851	4580	26709
MN450851	4581	26554
MN450851	4582	26627
MN450851	4583	26597
MN450851	4584	26499
MN450851	4585	26592
MN450851	4586	26531
MN450851	4587	26632
MN450851	4588	26698
MN450851	4589	26407
MN450851	4590	26584
MN450851	4591	26637
MN450851	4592	26516
MN450851	4593	26895
MN450851	4594	26970
MN450851	4595	26789
MN450851	4596	26811
MN450851	4597	26758
MN450851	4598	27445
MN450851	4599	27683
MN450851	4600	27528
MN450851	4601	27316
MN450851	4602	27278
MN450851	4603	27365
MN450851	4604	27559
MN450851	4605	27401
MN450851	4606	27430
MN450851	4607	27672
MN450851	4608	27476
MN450851	4609	27327
MN450851	4610	27199
MN450851	4611	27227
MN450851	4612	27425
MN450851	4613	27199
MN450851	4614	27139
MN450851	4615	27068
MN450851	4616	27073
MN450851	4617	27277
MN450851	4618	27246
MN450851	4619	27283
MN450851	4620	27069
MN450851	4621	27045
MN450851	4622	27072
MN450851	4623	27285
MN450851	4624	27149
MN450851	4625	27134
MN450851	4626	26933
MN450851	4627	26887
MN450851	4628	26824
MN450851	4629	26838
MN450851	4630	26372
MN450851	4631	26512
MN450851	4632	26572
MN450851	4633	26518
MN450851	4634	26664
MN450851	4635	26675
MN450851	4636	26753
MN450851	4637	27047
MN450851	4638	26951
MN450851	4639	27028
MN450851	4640	27031
MN450851	4641	27017
MN450851	4642	27018
MN450851	4643	27009
MN450851	4644	27307
MN450851	4645	27277
MN450851	4646	27123
MN450851	4647	27071
MN450851	4648	27056
MN450851	4649	27101
MN450851	4650	27132
MN450851	4651	26989
MN450851	4652	27049
MN450851	4653	26996
MN450851	4654	26749
MN450851	4655	26934
MN450851	4656	26983
MN450851	4657	26738
MN450851	4658	26779
MN450851	4659	26806
MN450851	4660	26867
MN450851	4661	26862
MN450851	4662	26969
MN450851	4663	26763
MN450851	4664	27001
MN450851	4665	26944
MN450851	4666	27137
MN450851	4667	26992
MN450851	4668	27085
MN450851	4669	27377
MN450851	4670	27242
MN450851	4671	27593
MN450851	4672	27497
MN450851	4673	27128
MN450851	4674	27011
MN450851	4675	26942
MN450851	4676	26904
MN450851	4677	26788
MN450851	4678	26739
MN450851	4679	26901
MN450851	4680	27060
MN450851	4681	27171
MN450851	4682	27499
MN450851	4683	27589
MN450851	4684	27709
MN450851	4685	27685
MN450851	4686	27856
MN450851	4687	27834
MN450851	4688	27739
MN450851	4689	27194
MN450851	4690	27290
MN450851	4691	27251
MN450851	4692	27022
MN450851	4693	27019
MN450851	4694	27216
MN450851	4695	27357
MN450851	4696	27426
MN450851	4697	27254
MN450851	4698	27011
MN450851	4699	27144
MN450851	4700	27071
MN450851	4701	26958
MN450851	4702	27578
MN450851	4703	28057
MN450851	4704	27813
MN450851	4705	27493
MN450851	4706	27419
MN450851	4707	27160
MN450851	4708	27348
MN450851	4709	27382
MN450851	4710	27251
MN450851	4711	27602
MN450851	4712	27333
MN450851	4713	27404
MN450851	4714	27481
MN450851	4715	28117
MN450851	4716	28083
MN450851	4717	28240
MN450851	4718	28303
MN450851	4719	28255
MN450851	4720	28293
MN450851	4721	28683
MN450851	4722	28741
MN450851	4723	28545
MN450851	4724	28560
MN450851	4725	28456
MN450851	4726	28573
MN450851	4727	28893
MN450851	4728	28803
MN450851	4729	28726
MN450851	4730	28869
MN450851	4731	28827
MN450851	4732	28905
MN450851	4733	28870
MN450851	4734	28836
MN450851	4735	29103
MN450851	4736	29067
MN450851	4737	28960
MN450851	4738	29075
MN450851	4739	29003
MN450851	4740	29186
MN450851	4741	28977
MN450851	4742	29017
MN450851	4743	29126
MN450851	4744	28906
MN450851	4745	28713
MN450851	4746	28563
MN450851	4747	28617
MN450851	4748	28678
MN450851	4749	28494
MN450851	4750	27993
MN450851	4751	28051
MN450851	4752	28057
MN450851	4753	28211
MN450851	4754	28694
MN450851	4755	28647
MN450851	4756	28787
MN450851	4757	28673
MN450851	4758	28629
MN450851	4759	28848
MN450851	4760	28815
MN450851	4761	28987
MN450851	4762	29327
MN450851	4763	29505
MN450851	4764	29389
MN450851	4765	29880
MN450851	4766	29856
MN450851	4767	29731
MN450851	4768	29559
MN450851	4769	29655
MN450851	4770	29552
MN450851	4771	29959
MN450851	4772	30221
MN450851	4773	30352
MN450851	4774	30100
MN450851	4775	30118
MN450851	4776	30388
MN450851	4777	30819
MN450851	4778	30775
MN450851	4779	31016
MN450851	4780	31051
MN450851	4781	30983
MN450851	4782	31158
MN450851	4783	31113
MN450851	4784	30948
MN450851	4785	30869
MN450851	4786	30965
MN450851	4787	31055
MN450851	4788	30597
MN450851	4789	30762
MN450851	4790	30692
MN450851	4791	30528
MN450851	4792	30935
MN450851	4793	31109
MN450851	4794	31055
MN450851	4795	31252
MN450851	4796	31292
MN450851	4797	31320
MN450851	4798	31336
MN450851	4799	31461
MN450851	4800	31357
MN450851	4801	31264
MN450851	4802	31338
MN450851	4803	31789
MN450851	4804	35610
MN450851	4805	36010
MN450851	4806	35775
MN450851	4807	35793
MN450851	4808	36297
MN450851	4809	37092
MN450851	4810	37116
MN450851	4811	36722
MN450851	4812	37738
MN450851	4813	65032
MN450851	4814	65762
MN450851	4815	65490
MN450851	4816	65611
MN450851	4817	65752
MN450851	4818	66315
MN450851	4819	66479
MN450851	4820	66621
MN450851	4821	66803
MN450851	4822	66911
MN450851	4823	67268
MN450851	4824	67330
MN450851	4825	67320
MN450851	4826	67395
MN450851	4827	67530
MN450851	4828	67754
MN450851	4829	67490
MN450851	4830	67343
MN450851	4831	68203
MN450851	4832	68495
MN450851	4833	68307
MN450851	4834	67752
MN450851	4835	67341
MN450851	4836	67611
MN450851	4837	67961
MN450851	4838	68230
MN450851	4839	68184
MN450851	4840	68654
MN450851	4841	68575
MN450851	4842	69151
MN450851	4843	69317
MN450851	4844	69318
MN450851	4845	69784
MN450851	4846	70546
MN450851	4847	71057
MN450851	4848	71436
MN450851	4849	71716
MN450851	4850	71858
MN450851	4851	71852
MN450851	4852	72857
MN450851	4853	73294
MN450851	4854	72618
MN450851	4855	72979
MN450851	4856	73192
MN450851	4857	73339
MN450851	4858	73585
MN450851	4859	73322
MN450851	4860	73280
MN450851	4861	74475
MN450851	4862	74226
MN450851	4863	74079
MN450851	4864	74431
MN450851	4865	74364
MN450851	4866	74374
MN450851	4867	74632
MN450851	4868	74332
MN450851	4869	74345
MN450851	4870	74440
MN450851	4871	74782
MN450851	4872	75060
MN450851	4873	75176
MN450851	4874	76600
MN450851	4875	76601
MN450851	4876	76904
MN450851	4877	76871
MN450851	4878	76539
MN450851	4879	76458
MN450851	4880	76632
MN450851	4881	76231
MN450851	4882	76979
MN450851	4883	76733
MN450851	4884	76683
MN450851	4885	76373
MN450851	4886	76244
MN450851	4887	76196
MN450851	4888	76799
MN450851	4889	76599
MN450851	4890	76652
MN450851	4891	76777
MN450851	4892	76784
MN450851	4893	76980
MN450851	4894	77165
MN450851	4895	77174
MN450851	4896	77177
MN450851	4897	77446
MN450851	4898	77313
MN450851	4899	77148
MN450851	4900	77535
MN450851	4901	77450
MN450851	4902	77291
MN450851	4903	77193
MN450851	4904	77033
MN450851	4905	76580
MN450851	4906	76669
MN450851	4907	76333
MN450851	4908	76435
MN450851	4909	76199
MN450851	4910	75933
MN450851	4911	75913
MN450851	4912	75705
MN450851	4913	75726
MN450851	4914	75442
MN450851	4915	75665
MN450851	4916	75242
MN450851	4917	75162
MN450851	4918	75074
MN450851	4919	74858
MN450851	4920	74814
MN450851	4921	74578
MN450851	4922	74461
MN450851	4923	74013
MN450851	4924	73643
MN450851	4925	73589
MN450851	4926	73483
MN450851	4927	73145
MN450851	4928	72783
MN450851	4929	72652
MN450851	4930	72491
MN450851	4931	72483
MN450851	4932	72341
MN450851	4933	71709
MN450851	4934	71567
MN450851	4935	71534
MN450851	4936	71331
MN450851	4937	71157
MN450851	4938	70935
MN450851	4939	70895
MN450851	4940	70832
MN450851	4941	70678
MN450851	4942	79434
MN450851	4943	85727
MN450851	4944	41716
MN450851	4945	42359
MN450851	4946	42179
MN450851	4947	42046
MN450851	4948	41865
MN450851	4949	41731
MN450851	4950	41572
MN450851	4951	41472
MN450851	4952	41428
MN450851	4953	41218
MN450851	4954	40904
MN450851	4955	40434
MN450851	4956	40025
MN450851	4957	39958
MN450851	4958	39853
MN450851	4959	39466
MN450851	4960	38912
MN450851	4961	38689
MN450851	4962	38388
MN450851	4963	37062
MN450851	4964	5613
MN450851	4965	5398
MN450851	4966	5374
MN450851	4967	5361
MN450851	4968	5335
MN450851	4969	5312
MN450851	4970	5318
MN450851	4971	5265
MN450851	4972	5259
MN450851	4973	5260
MN450851	4974	5257
MN450851	4975	5333
MN450851	4976	5327
MN450851	4977	5319
MN450851	4978	5295
MN450851	4979	5265
MN450851	4980	5285
MN450851	4981	5198
MN450851	4982	5161
MN450851	4983	5134
MN450851	4984	5107
MN450851	4985	5166
MN450851	4986	5201
MN450851	4987	5232
MN450851	4988	5248
MN450851	4989	5237
MN450851	4990	5289
MN450851	4991	5343
MN450851	4992	5351
MN450851	4993	5229
MN450851	4994	5195
MN450851	4995	5197
MN450851	4996	5225
MN450851	4997	5198
MN450851	4998	5187
MN450851	4999	5183
MN450851	5000	5172
MN450851	5001	5183
MN450851	5002	5178
MN450851	5003	5198
MN450851	5004	5163
MN450851	5005	5128
MN450851	5006	5178
MN450851	5007	5206
MN450851	5008	5205
MN450851	5009	5210
MN450851	5010	5204
MN450851	5011	5212
MN450851	5012	5173
MN450851	5013	5134
MN450851	5014	5115
MN450851	5015	5148
MN450851	5016	5175
MN450851	5017	5190
MN450851	5018	5181
MN450851	5019	5183
MN450851	5020	5212
MN450851	5021	5192
MN450851	5022	5210
MN450851	5023	5178
MN450851	5024	5122
MN450851	5025	5058
MN450851	5026	5074
MN450851	5027	5074
MN450851	5028	5075
MN450851	5029	5100
MN450851	5030	5107
MN450851	5031	5106
MN450851	5032	5105
MN450851	5033	5128
MN450851	5034	5052
MN450851	5035	5036
MN450851	5036	5025
MN450851	5037	5010
MN450851	5038	4960
MN450851	5039	4989
MN450851	5040	5014
MN450851	5041	4963
MN450851	5042	4947
MN450851	5043	4952
MN450851	5044	4939
MN450851	5045	5027
MN450851	5046	4992
MN450851	5047	4986
MN450851	5048	4862
MN450851	5049	4861
MN450851	5050	4851
MN450851	5051	4852
MN450851	5052	4840
MN450851	5053	4848
MN450851	5054	4863
MN450851	5055	4862
MN450851	5056	4873
MN450851	5057	4818
MN450851	5058	4850
MN450851	5059	4817
MN450851	5060	4828
MN450851	5061	4829
MN450851	5062	4858
MN450851	5063	4832
MN450851	5064	4795
MN450851	5065	4773
MN450851	5066	4719
MN450851	5067	4689
MN450851	5068	4708
MN450851	5069	4744
MN450851	5070	4693
MN450851	5071	4674
MN450851	5072	4693
MN450851	5073	4738
MN450851	5074	4744
MN450851	5075	4719
MN450851	5076	4716
MN450851	5077	4728
MN450851	5078	4746
MN450851	5079	4777
MN450851	5080	4772
MN450851	5081	4813
MN450851	5082	4824
MN450851	5083	4853
MN450851	5084	4839
MN450851	5085	4840
MN450851	5086	4860
MN450851	5087	4834
MN450851	5088	4843
MN450851	5089	4830
MN450851	5090	4810
MN450851	5091	4818
MN450851	5092	4846
MN450851	5093	4725
MN450851	5094	4688
MN450851	5095	4709
MN450851	5096	4724
MN450851	5097	4728
MN450851	5098	4832
MN450851	5099	4828
MN450851	5100	4820
MN450851	5101	4809
MN450851	5102	4841
MN450851	5103	4798
MN450851	5104	4821
MN450851	5105	4833
MN450851	5106	4830
MN450851	5107	4807
MN450851	5108	4820
MN450851	5109	4865
MN450851	5110	4912
MN450851	5111	4911
MN450851	5112	4953
MN450851	5113	4934
MN450851	5114	4898
MN450851	5115	4905
MN450851	5116	4892
MN450851	5117	4859
MN450851	5118	4821
MN450851	5119	4816
MN450851	5120	4789
MN450851	5121	4802
MN450851	5122	4790
MN450851	5123	4783
MN450851	5124	4769
MN450851	5125	4803
MN450851	5126	4750
MN450851	5127	4742
MN450851	5128	4781
MN450851	5129	4751
MN450851	5130	4781
MN450851	5131	4760
MN450851	5132	4757
MN450851	5133	4761
MN450851	5134	4757
MN450851	5135	4757
MN450851	5136	4681
MN450851	5137	4642
MN450851	5138	4658
MN450851	5139	4669
MN450851	5140	4684
MN450851	5141	4675
MN450851	5142	4630
MN450851	5143	4664
MN450851	5144	4706
MN450851	5145	4662
MN450851	5146	4591
MN450851	5147	4566
MN450851	5148	4596
MN450851	5149	4602
MN450851	5150	4582
MN450851	5151	4630
MN450851	5152	4620
MN450851	5153	4646
MN450851	5154	4658
MN450851	5155	4735
MN450851	5156	4753
MN450851	5157	4656
MN450851	5158	4669
MN450851	5159	4694
MN450851	5160	4678
MN450851	5161	4688
MN450851	5162	4693
MN450851	5163	4710
MN450851	5164	4752
MN450851	5165	4738
MN450851	5166	4743
MN450851	5167	4712
MN450851	5168	4694
MN450851	5169	4706
MN450851	5170	4683
MN450851	5171	4670
MN450851	5172	4666
MN450851	5173	4670
MN450851	5174	4708
MN450851	5175	4720
MN450851	5176	4758
MN450851	5177	4729
MN450851	5178	4763
MN450851	5179	4790
MN450851	5180	4757
MN450851	5181	4806
MN450851	5182	4785
MN450851	5183	4746
MN450851	5184	4752
MN450851	5185	4752
MN450851	5186	4716
MN450851	5187	4729
MN450851	5188	4732
MN450851	5189	4745
MN450851	5190	4746
MN450851	5191	4758
MN450851	5192	4797
MN450851	5193	4818
MN450851	5194	4816
MN450851	5195	4805
MN450851	5196	4781
MN450851	5197	4810
MN450851	5198	4782
MN450851	5199	4798
MN450851	5200	4806
MN450851	5201	4927
MN450851	5202	4906
MN450851	5203	4947
MN450851	5204	4977
MN450851	5205	4960
MN450851	5206	4955
MN450851	5207	5009
MN450851	5208	5039
MN450851	5209	5040
MN450851	5210	5022
MN450851	5211	5024
MN450851	5212	5022
MN450851	5213	5022
MN450851	5214	5022
MN450851	5215	5076
MN450851	5216	5063
MN450851	5217	5097
MN450851	5218	5235
MN450851	5219	5208
MN450851	5220	5199
MN450851	5221	5219
MN450851	5222	5242
MN450851	5223	5255
MN450851	5224	5294
MN450851	5225	5333
MN450851	5226	5335
MN450851	5227	5264
MN450851	5228	5240
MN450851	5229	5271
MN450851	5230	5220
MN450851	5231	5212
MN450851	5232	5174
MN450851	5233	5160
MN450851	5234	5186
MN450851	5235	5207
MN450851	5236	5234
MN450851	5237	5193
MN450851	5238	5176
MN450851	5239	5209
MN450851	5240	5222
MN450851	5241	5223
MN450851	5242	5199
MN450851	5243	5206
MN450851	5244	5221
MN450851	5245	5242
MN450851	5246	5280
MN450851	5247	5282
MN450851	5248	5291
MN450851	5249	5302
MN450851	5250	5359
MN450851	5251	5397
MN450851	5252	5324
MN450851	5253	5334
MN450851	5254	5291
MN450851	5255	5250
MN450851	5256	5251
MN450851	5257	5280
MN450851	5258	5345
MN450851	5259	5331
MN450851	5260	5319
MN450851	5261	5367
MN450851	5262	5369
MN450851	5263	5361
MN450851	5264	5392
MN450851	5265	5445
MN450851	5266	5442
MN450851	5267	5455
MN450851	5268	5489
MN450851	5269	5501
MN450851	5270	5510
MN450851	5271	5496
MN450851	5272	5500
MN450851	5273	5513
MN450851	5274	5532
MN450851	5275	5541
MN450851	5276	5480
MN450851	5277	5570
MN450851	5278	5571
MN450851	5279	5558
MN450851	5280	5562
MN450851	5281	5562
MN450851	5282	5584
MN450851	5283	5581
MN450851	5284	5611
MN450851	5285	5557
MN450851	5286	5566
MN450851	5287	5593
MN450851	5288	5667
MN450851	5289	5655
MN450851	5290	5687
MN450851	5291	5675
MN450851	5292	5650
MN450851	5293	5707
MN450851	5294	5696
MN450851	5295	5761
MN450851	5296	5760
MN450851	5297	5769
MN450851	5298	5728
MN450851	5299	5710
MN450851	5300	5722
MN450851	5301	5740
MN450851	5302	5866
MN450851	5303	5870
MN450851	5304	5908
MN450851	5305	5909
MN450851	5306	5895
MN450851	5307	5926
MN450851	5308	5907
MN450851	5309	5860
MN450851	5310	5819
MN450851	5311	5832
MN450851	5312	5791
MN450851	5313	5805
MN450851	5314	5779
MN450851	5315	5749
MN450851	5316	5778
MN450851	5317	5722
MN450851	5318	5715
MN450851	5319	5728
MN450851	5320	5690
MN450851	5321	5739
MN450851	5322	5734
MN450851	5323	5754
MN450851	5324	5708
MN450851	5325	5665
MN450851	5326	5678
MN450851	5327	5671
MN450851	5328	5697
MN450851	5329	5669
MN450851	5330	5686
MN450851	5331	5686
MN450851	5332	5680
MN450851	5333	5683
MN450851	5334	5717
MN450851	5335	5658
MN450851	5336	5701
MN450851	5337	5691
MN450851	5338	5679
MN450851	5339	5719
MN450851	5340	5730
MN450851	5341	5682
MN450851	5342	5676
MN450851	5343	5661
MN450851	5344	5712
MN450851	5345	5640
MN450851	5346	5658
MN450851	5347	5719
MN450851	5348	5703
MN450851	5349	5744
MN450851	5350	5699
MN450851	5351	5686
MN450851	5352	5689
MN450851	5353	5720
MN450851	5354	5626
MN450851	5355	5624
MN450851	5356	5623
MN450851	5357	5699
MN450851	5358	5677
MN450851	5359	5684
MN450851	5360	5696
MN450851	5361	5673
MN450851	5362	5745
MN450851	5363	5727
MN450851	5364	5772
MN450851	5365	5771
MN450851	5366	5659
MN450851	5367	5681
MN450851	5368	5670
MN450851	5369	5611
MN450851	5370	5611
MN450851	5371	5727
MN450851	5372	5700
MN450851	5373	5735
MN450851	5374	5883
MN450851	5375	5848
MN450851	5376	5824
MN450851	5377	5804
MN450851	5378	5810
MN450851	5379	5834
MN450851	5380	5789
MN450851	5381	5780
MN450851	5382	5771
MN450851	5383	5767
MN450851	5384	5776
MN450851	5385	5732
MN450851	5386	5764
MN450851	5387	5762
MN450851	5388	5680
MN450851	5389	5726
MN450851	5390	5731
MN450851	5391	5748
MN450851	5392	5863
MN450851	5393	5856
MN450851	5394	5855
MN450851	5395	5837
MN450851	5396	5850
MN450851	5397	5803
MN450851	5398	5861
MN450851	5399	5800
MN450851	5400	5751
MN450851	5401	5765
MN450851	5402	13352
MN450851	5403	13489
MN450851	5404	13642
MN450851	5405	13733
MN450851	5406	14091
MN450851	5407	14135
MN450851	5408	14493
MN450851	5409	14597
MN450851	5410	14653
MN450851	5411	14628
MN450851	5412	14740
MN450851	5413	14747
MN450851	5414	14816
MN450851	5415	14907
MN450851	5416	15065
MN450851	5417	15247
MN450851	5418	15535
MN450851	5419	15579
MN450851	5420	15674
MN450851	5421	15716
MN450851	5422	15971
MN450851	5423	15993
MN450851	5424	15984
MN450851	5425	45250
MN450851	5426	45327
MN450851	5427	45554
MN450851	5428	45634
MN450851	5429	45795
MN450851	5430	45978
MN450851	5431	46143
MN450851	5432	46244
MN450851	5433	46349
MN450851	5434	46613
MN450851	5435	46709
MN450851	5436	47009
MN450851	5437	47185
MN450851	5438	47401
MN450851	5439	49824
MN450851	5440	49928
MN450851	5441	49878
MN450851	5442	49846
MN450851	5443	49709
MN450851	5444	49579
MN450851	5445	49635
MN450851	5446	49621
MN450851	5447	49661
MN450851	5448	49909
MN450851	5449	50197
MN450851	5450	50219
MN450851	5451	50298
MN450851	5452	50202
MN450851	5453	49938
MN450851	5454	50052
MN450851	5455	49989
MN450851	5456	49772
MN450851	5457	49571
MN450851	5458	49757
MN450851	5459	49581
MN450851	5460	49694
MN450851	5461	49965
MN450851	5462	49926
MN450851	5463	49861
MN450851	5464	49818
MN450851	5465	49986
MN450851	5466	50316
MN450851	5467	50373
MN450851	5468	50563
MN450851	5469	51450
MN450851	5470	51756
MN450851	5471	51805
MN450851	5472	51380
MN450851	5473	51318
MN450851	5474	51338
MN450851	5475	51544
MN450851	5476	51756
MN450851	5477	51524
MN450851	5478	51531
MN450851	5479	51472
MN450851	5480	51547
MN450851	5481	51522
MN450851	5482	51326
MN450851	5483	51436
MN450851	5484	51393
MN450851	5485	51510
MN450851	5486	51673
MN450851	5487	51135
MN450851	5488	51120
MN450851	5489	51077
MN450851	5490	50836
MN450851	5491	51130
MN450851	5492	51202
MN450851	5493	51204
MN450851	5494	51400
MN450851	5495	51498
MN450851	5496	51645
MN450851	5497	51679
MN450851	5498	50582
MN450851	5499	50590
MN450851	5500	50634
MN450851	5501	50749
MN450851	5502	50680
MN450851	5503	50539
MN450851	5504	50204
MN450851	5505	50155
MN450851	5506	49871
MN450851	5507	49848
MN450851	5508	46554
MN450851	5509	46320
MN450851	5510	46277
MN450851	5511	46285
MN450851	5512	46425
MN450851	5513	45827
MN450851	5514	45786
MN450851	5515	45814
MN450851	5516	45934
MN450851	5517	45764
MN450851	5518	45618
MN450851	5519	45500
MN450851	5520	45501
MN450851	5521	45507
MN450851	5522	45601
MN450851	5523	45678
MN450851	5524	45225
MN450851	5525	44932
MN450851	5526	44928
MN450851	5527	44959
MN450851	5528	44990
MN450851	5529	44703
MN450851	5530	44746
MN450851	5531	44332
MN450851	5532	44151
MN450851	5533	44081
MN450851	5534	44049
MN450851	5535	43742
MN450851	5536	43594
MN450851	5537	43481
MN450851	5538	43481
MN450851	5539	43761
MN450851	5540	43132
MN450851	5541	43087
MN450851	5542	42997
MN450851	5543	43029
MN450851	5544	43158
MN450851	5545	42788
MN450851	5546	42534
MN450851	5547	42514
MN450851	5548	42318
MN450851	5549	42442
MN450851	5550	42340
MN450851	5551	42175
MN450851	5552	42220
MN450851	5553	25603
MN450851	5554	25303
MN450851	5555	24981
MN450851	5556	25024
MN450851	5557	24712
MN450851	5558	24660
MN450851	5559	24545
MN450851	5560	24452
MN450851	5561	24460
MN450851	5562	24433
MN450851	5563	24287
MN450851	5564	24280
MN450851	5565	24235
MN450851	5566	24156
MN450851	5567	24009
MN450851	5568	17497
MN450851	5569	17458
MN450851	5570	17459
MN450851	5571	17622
MN450851	5572	17733
MN450851	5573	17639
MN450851	5574	17702
MN450851	5575	17749
MN450851	5576	17902
MN450851	5577	18041
MN450851	5578	18039
MN450851	5579	18049
MN450851	5580	18088
MN450851	5581	18001
MN450851	5582	17986
MN450851	5583	18078
MN450851	5584	18235
MN450851	5585	18333
MN450851	5586	18390
MN450851	5587	18330
MN450851	5588	18360
MN450851	5589	18286
MN450851	5590	17754
MN450851	5591	17757
MN450851	5592	17647
MN450851	5593	17592
MN450851	5594	17606
MN450851	5595	17606
MN450851	5596	17608
MN450851	5597	17650
MN450851	5598	17737
MN450851	5599	17563
MN450851	5600	17480
MN450851	5601	17387
MN450851	5602	17356
MN450851	5603	17379
MN450851	5604	17266
MN450851	5605	17307
MN450851	5606	17260
MN450851	5607	17312
MN450851	5608	17399
MN450851	5609	17365
MN450851	5610	17350
MN450851	5611	17432
MN450851	5612	17530
MN450851	5613	17515
MN450851	5614	17542
MN450851	5615	17499
MN450851	5616	17382
MN450851	5617	17402
MN450851	5618	17373
MN450851	5619	17232
MN450851	5620	17005
MN450851	5621	16832
MN450851	5622	16846
MN450851	5623	16845
MN450851	5624	16808
MN450851	5625	16770
MN450851	5626	16935
MN450851	5627	16853
MN450851	5628	16874
MN450851	5629	16904
MN450851	5630	16871
MN450851	5631	16766
MN450851	5632	16739
MN450851	5633	16847
MN450851	5634	16898
MN450851	5635	16817
MN450851	5636	16775
MN450851	5637	16729
MN450851	5638	16720
MN450851	5639	16790
MN450851	5640	16829
MN450851	5641	16907
MN450851	5642	16664
MN450851	5643	16569
MN450851	5644	16551
MN450851	5645	16307
MN450851	5646	16172
MN450851	5647	16164
MN450851	5648	16325
MN450851	5649	16033
MN450851	5650	16118
MN450851	5651	16084
MN450851	5652	16171
MN450851	5653	16473
MN450851	5654	16218
MN450851	5655	16852
MN450851	5656	16860
MN450851	5657	16954
MN450851	5658	16921
MN450851	5659	16764
MN450851	5660	16819
MN450851	5661	16884
MN450851	5662	16967
MN450851	5663	16819
MN450851	5664	16829
MN450851	5665	16873
MN450851	5666	16830
MN450851	5667	16650
MN450851	5668	16685
MN450851	5669	16506
MN450851	5670	16502
MN450851	5671	16524
MN450851	5672	16435
MN450851	5673	16378
MN450851	5674	16335
MN450851	5675	16237
MN450851	5676	16271
MN450851	5677	16290
MN450851	5678	16387
MN450851	5679	16316
MN450851	5680	16353
MN450851	5681	16339
MN450851	5682	16414
MN450851	5683	16524
MN450851	5684	16350
MN450851	5685	16383
MN450851	5686	16383
MN450851	5687	16410
MN450851	5688	16074
MN450851	5689	16052
MN450851	5690	15819
MN450851	5691	15795
MN450851	5692	15866
MN450851	5693	15906
MN450851	5694	15646
MN450851	5695	15509
MN450851	5696	15479
MN450851	5697	15074
MN450851	5698	15175
MN450851	5699	15235
MN450851	5700	15100
MN450851	5701	15114
MN450851	5702	15064
MN450851	5703	14967
MN450851	5704	14985
MN450851	5705	14864
MN450851	5706	14829
MN450851	5707	15083
MN450851	5708	14917
MN450851	5709	15029
MN450851	5710	15070
MN450851	5711	15059
MN450851	5712	15087
MN450851	5713	15044
MN450851	5714	14988
MN450851	5715	14965
MN450851	5716	14965
MN450851	5717	15018
MN450851	5718	14999
MN450851	5719	15018
MN450851	5720	15105
MN450851	5721	15155
MN450851	5722	15073
MN450851	5723	15089
MN450851	5724	15125
MN450851	5725	15224
MN450851	5726	15237
MN450851	5727	15186
MN450851	5728	15001
MN450851	5729	15033
MN450851	5730	14993
MN450851	5731	15107
MN450851	5732	14967
MN450851	5733	14958
MN450851	5734	14898
MN450851	5735	15108
MN450851	5736	15078
MN450851	5737	15012
MN450851	5738	14987
MN450851	5739	14925
MN450851	5740	14912
MN450851	5741	14737
MN450851	5742	14630
MN450851	5743	14606
MN450851	5744	14615
MN450851	5745	14706
MN450851	5746	14736
MN450851	5747	14913
MN450851	5748	14910
MN450851	5749	14839
MN450851	5750	14975
MN450851	5751	15013
MN450851	5752	15044
MN450851	5753	15047
MN450851	5754	15223
MN450851	5755	15314
MN450851	5756	15188
MN450851	5757	15225
MN450851	5758	15166
MN450851	5759	15081
MN450851	5760	15133
MN450851	5761	15159
MN450851	5762	15058
MN450851	5763	15008
MN450851	5764	14790
MN450851	5765	14714
MN450851	5766	14750
MN450851	5767	14810
MN450851	5768	14549
MN450851	5769	14603
MN450851	5770	14605
MN450851	5771	14605
MN450851	5772	14715
MN450851	5773	14696
MN450851	5774	14677
MN450851	5775	14769
MN450851	5776	14843
MN450851	5777	14735
MN450851	5778	14743
MN450851	5779	14541
MN450851	5780	14508
MN450851	5781	14640
MN450851	5782	14589
MN450851	5783	14549
MN450851	5784	14553
MN450851	5785	14484
MN450851	5786	14637
MN450851	5787	14581
MN450851	5788	14543
MN450851	5789	14505
MN450851	5790	14439
MN450851	5791	14495
MN450851	5792	14487
MN450851	5793	14394
MN450851	5794	14463
MN450851	5795	14476
MN450851	5796	14488
MN450851	5797	14457
MN450851	5798	14534
MN450851	5799	14416
MN450851	5800	14457
MN450851	5801	14403
MN450851	5802	14347
MN450851	5803	14307
MN450851	5804	14177
MN450851	5805	14206
MN450851	5806	14135
MN450851	5807	14311
MN450851	5808	14183
MN450851	5809	14104
MN450851	5810	14185
MN450851	5811	14161
MN450851	5812	14222
MN450851	5813	14143
MN450851	5814	13986
MN450851	5815	13915
MN450851	5816	13870
MN450851	5817	13856
MN450851	5818	14033
MN450851	5819	13841
MN450851	5820	13872
MN450851	5821	13889
MN450851	5822	13806
MN450851	5823	13890
MN450851	5824	13750
MN450851	5825	13731
MN450851	5826	13782
MN450851	5827	13890
MN450851	5828	13922
MN450851	5829	13622
MN450851	5830	13619
MN450851	5831	13615
MN450851	5832	13691
MN450851	5833	13482
MN450851	5834	13464
MN450851	5835	13424
MN450851	5836	13399
MN450851	5837	13479
MN450851	5838	13513
MN450851	5839	13406
MN450851	5840	13443
MN450851	5841	13682
MN450851	5842	13707
MN450851	5843	13456
MN450851	5844	13492
MN450851	5845	13496
MN450851	5846	13415
MN450851	5847	13445
MN450851	5848	13458
MN450851	5849	13356
MN450851	5850	13448
MN450851	5851	13342
MN450851	5852	13358
MN450851	5853	13508
MN450851	5854	13477
MN450851	5855	13596
MN450851	5856	13585
MN450851	5857	13629
MN450851	5858	13505
MN450851	5859	13555
MN450851	5860	13522
MN450851	5861	13300
MN450851	5862	13446
MN450851	5863	13437
MN450851	5864	13376
MN450851	5865	13315
MN450851	5866	13392
MN450851	5867	13433
MN450851	5868	13363
MN450851	5869	13460
MN450851	5870	13431
MN450851	5871	13539
MN450851	5872	13466
MN450851	5873	13403
MN450851	5874	13428
MN450851	5875	13291
MN450851	5876	13265
MN450851	5877	13247
MN450851	5878	13342
MN450851	5879	13365
MN450851	5880	13316
MN450851	5881	13363
MN450851	5882	13408
MN450851	5883	13555
MN450851	5884	13542
MN450851	5885	13531
MN450851	5886	13503
MN450851	5887	13659
MN450851	5888	13705
MN450851	5889	13697
MN450851	5890	13740
MN450851	5891	13751
MN450851	5892	13738
MN450851	5893	13704
MN450851	5894	13674
MN450851	5895	13592
MN450851	5896	13650
MN450851	5897	13713
MN450851	5898	13561
MN450851	5899	13527
MN450851	5900	13570
MN450851	5901	13755
MN450851	5902	13713
MN450851	5903	13785
MN450851	5904	13785
MN450851	5905	13761
MN450851	5906	13677
MN450851	5907	13623
MN450851	5908	13561
MN450851	5909	13551
MN450851	5910	13603
MN450851	5911	13526
MN450851	5912	13504
MN450851	5913	13516
MN450851	5914	13535
MN450851	5915	13562
MN450851	5916	13558
MN450851	5917	13735
MN450851	5918	13639
MN450851	5919	13697
MN450851	5920	13668
MN450851	5921	13564
MN450851	5922	13706
MN450851	5923	13697
MN450851	5924	13777
MN450851	5925	13853
MN450851	5926	13620
MN450851	5927	13534
MN450851	5928	13483
MN450851	5929	13619
MN450851	5930	13742
MN450851	5931	13778
MN450851	5932	13595
MN450851	5933	13585
MN450851	5934	13620
MN450851	5935	13620
MN450851	5936	13781
MN450851	5937	13664
MN450851	5938	13795
MN450851	5939	13799
MN450851	5940	13936
MN450851	5941	14003
MN450851	5942	13865
MN450851	5943	13833
MN450851	5944	13814
MN450851	5945	13987
MN450851	5946	14001
MN450851	5947	13877
MN450851	5948	13879
MN450851	5949	13823
MN450851	5950	13922
MN450851	5951	13852
MN450851	5952	13773
MN450851	5953	13889
MN450851	5954	13858
MN450851	5955	13781
MN450851	5956	13765
MN450851	5957	13725
MN450851	5958	13632
MN450851	5959	13788
MN450851	5960	13843
MN450851	5961	13682
MN450851	5962	13728
MN450851	5963	13678
MN450851	5964	13703
MN450851	5965	13694
MN450851	5966	13726
MN450851	5967	13737
MN450851	5968	13745
MN450851	5969	13748
MN450851	5970	13947
MN450851	5971	13873
MN450851	5972	13839
MN450851	5973	13883
MN450851	5974	13750
MN450851	5975	13571
MN450851	5976	13572
MN450851	5977	13456
MN450851	5978	13481
MN450851	5979	13430
MN450851	5980	13432
MN450851	5981	13590
MN450851	5982	13538
MN450851	5983	13392
MN450851	5984	13419
MN450851	5985	13426
MN450851	5986	13479
MN450851	5987	13503
MN450851	5988	13506
MN450851	5989	13394
MN450851	5990	13530
MN450851	5991	13515
MN450851	5992	13338
MN450851	5993	13343
MN450851	5994	13371
MN450851	5995	13420
MN450851	5996	13418
MN450851	5997	13482
MN450851	5998	13471
MN450851	5999	13665
MN450851	6000	13720
MN450851	6001	13639
MN450851	6002	13750
MN450851	6003	13747
MN450851	6004	13689
MN450851	6005	13743
MN450851	6006	13665
MN450851	6007	13840
MN450851	6008	13892
MN450851	6009	13868
MN450851	6010	13876
MN450851	6011	13896
MN450851	6012	13877
MN450851	6013	13999
MN450851	6014	13925
MN450851	6015	13842
MN450851	6016	13899
MN450851	6017	13824
MN450851	6018	13878
MN450851	6019	13836
MN450851	6020	13778
MN450851	6021	13736
MN450851	6022	13403
MN450851	6023	13365
MN450851	6024	13400
MN450851	6025	13403
MN450851	6026	13432
MN450851	6027	13410
MN450851	6028	13403
MN450851	6029	13191
MN450851	6030	13287
MN450851	6031	13295
MN450851	6032	13324
MN450851	6033	13318
MN450851	6034	13411
MN450851	6035	13412
MN450851	6036	13366
MN450851	6037	13360
MN450851	6038	13329
MN450851	6039	13242
MN450851	6040	13230
MN450851	6041	13146
MN450851	6042	13174
MN450851	6043	13269
MN450851	6044	13406
MN450851	6045	13310
MN450851	6046	13329
MN450851	6047	13269
MN450851	6048	13305
MN450851	6049	13435
MN450851	6050	13523
MN450851	6051	13523
MN450851	6052	13223
MN450851	6053	13234
MN450851	6054	13179
MN450851	6055	13279
MN450851	6056	13394
MN450851	6057	13293
MN450851	6058	13269
MN450851	6059	13351
MN450851	6060	13390
MN450851	6061	13395
MN450851	6062	13353
MN450851	6063	13475
MN450851	6064	13333
MN450851	6065	13382
MN450851	6066	13389
MN450851	6067	13331
MN450851	6068	13053
MN450851	6069	13057
MN450851	6070	13055
MN450851	6071	13045
MN450851	6072	13100
MN450851	6073	13120
MN450851	6074	13038
MN450851	6075	13014
MN450851	6076	13008
MN450851	6077	13015
MN450851	6078	13057
MN450851	6079	13208
MN450851	6080	13201
MN450851	6081	13024
MN450851	6082	13173
MN450851	6083	13196
MN450851	6084	13167
MN450851	6085	13199
MN450851	6086	13147
MN450851	6087	13146
MN450851	6088	13140
MN450851	6089	12996
MN450851	6090	12977
MN450851	6091	12887
MN450851	6092	12768
MN450851	6093	12804
MN450851	6094	12823
MN450851	6095	12942
MN450851	6096	12739
MN450851	6097	12786
MN450851	6098	12837
MN450851	6099	12827
MN450851	6100	13042
MN450851	6101	12946
MN450851	6102	12894
MN450851	6103	12964
MN450851	6104	12886
MN450851	6105	13023
MN450851	6106	12997
MN450851	6107	13044
MN450851	6108	13001
MN450851	6109	13096
MN450851	6110	13034
MN450851	6111	13129
MN450851	6112	13123
MN450851	6113	13063
MN450851	6114	13199
MN450851	6115	13141
MN450851	6116	13197
MN450851	6117	13151
MN450851	6118	13203
MN450851	6119	13242
MN450851	6120	13191
MN450851	6121	13252
MN450851	6122	13257
MN450851	6123	13281
MN450851	6124	13338
MN450851	6125	13486
MN450851	6126	13498
MN450851	6127	13456
MN450851	6128	13501
MN450851	6129	13518
MN450851	6130	13604
MN450851	6131	13655
MN450851	6132	13539
MN450851	6133	13609
MN450851	6134	13602
MN450851	6135	13623
MN450851	6136	13594
MN450851	6137	13421
MN450851	6138	13467
MN450851	6139	13532
MN450851	6140	13529
MN450851	6141	13519
MN450851	6142	13566
MN450851	6143	13919
MN450851	6144	13925
MN450851	6145	13933
MN450851	6146	13906
MN450851	6147	13834
MN450851	6148	13835
MN450851	6149	13826
MN450851	6150	13675
MN450851	6151	13579
MN450851	6152	13625
MN450851	6153	13567
MN450851	6154	13563
MN450851	6155	13606
MN450851	6156	13582
MN450851	6157	13640
MN450851	6158	13552
MN450851	6159	13443
MN450851	6160	13369
MN450851	6161	13378
MN450851	6162	13330
MN450851	6163	13413
MN450851	6164	13304
MN450851	6165	13369
MN450851	6166	13422
MN450851	6167	13290
MN450851	6168	13272
MN450851	6169	13232
MN450851	6170	13373
MN450851	6171	13279
MN450851	6172	13269
MN450851	6173	13287
MN450851	6174	13403
MN450851	6175	13330
MN450851	6176	13346
MN450851	6177	13397
MN450851	6178	13212
MN450851	6179	13248
MN450851	6180	13277
MN450851	6181	13226
MN450851	6182	13196
MN450851	6183	13222
MN450851	6184	13173
MN450851	6185	13055
MN450851	6186	13053
MN450851	6187	13175
MN450851	6188	13259
MN450851	6189	13203
MN450851	6190	13032
MN450851	6191	13040
MN450851	6192	13020
MN450851	6193	13133
MN450851	6194	13016
MN450851	6195	12935
MN450851	6196	12896
MN450851	6197	12900
MN450851	6198	12943
MN450851	6199	12892
MN450851	6200	12868
MN450851	6201	12836
MN450851	6202	12930
MN450851	6203	12884
MN450851	6204	12911
MN450851	6205	12903
MN450851	6206	12798
MN450851	6207	12852
MN450851	6208	12929
MN450851	6209	13083
MN450851	6210	13067
MN450851	6211	13020
MN450851	6212	12977
MN450851	6213	13060
MN450851	6214	13022
MN450851	6215	13179
MN450851	6216	12999
MN450851	6217	13058
MN450851	6218	13137
MN450851	6219	13094
MN450851	6220	13138
MN450851	6221	13095
MN450851	6222	13039
MN450851	6223	13339
MN450851	6224	13249
MN450851	6225	13265
MN450851	6226	13260
MN450851	6227	13246
MN450851	6228	13237
MN450851	6229	13244
MN450851	6230	13098
MN450851	6231	13077
MN450851	6232	13171
MN450851	6233	13053
MN450851	6234	12990
MN450851	6235	13066
MN450851	6236	13084
MN450851	6237	13259
MN450851	6238	13276
MN450851	6239	13300
MN450851	6240	13241
MN450851	6241	13194
MN450851	6242	13195
MN450851	6243	13202
MN450851	6244	13263
MN450851	6245	13141
MN450851	6246	12986
MN450851	6247	13036
MN450851	6248	12901
MN450851	6249	12915
MN450851	6250	12956
MN450851	6251	12918
MN450851	6252	13025
MN450851	6253	13014
MN450851	6254	12957
MN450851	6255	12993
MN450851	6256	12844
MN450851	6257	12891
MN450851	6258	12999
MN450851	6259	13125
MN450851	6260	13039
MN450851	6261	13116
MN450851	6262	13190
MN450851	6263	13338
MN450851	6264	13320
MN450851	6265	13335
MN450851	6266	13382
MN450851	6267	13271
MN450851	6268	13312
MN450851	6269	13482
MN450851	6270	13502
MN450851	6271	13543
MN450851	6272	13658
MN450851	6273	13725
MN450851	6274	13660
MN450851	6275	13692
MN450851	6276	13645
MN450851	6277	13639
MN450851	6278	13679
MN450851	6279	13726
MN450851	6280	13856
MN450851	6281	13818
MN450851	6282	13812
MN450851	6283	14065
MN450851	6284	13969
MN450851	6285	14018
MN450851	6286	13949
MN450851	6287	13923
MN450851	6288	14019
MN450851	6289	14120
MN450851	6290	13831
MN450851	6291	13827
MN450851	6292	13853
MN450851	6293	13752
MN450851	6294	13638
MN450851	6295	13631
MN450851	6296	13590
MN450851	6297	13679
MN450851	6298	13651
MN450851	6299	13713
MN450851	6300	13713
MN450851	6301	13652
MN450851	6302	13741
MN450851	6303	13728
MN450851	6304	13758
MN450851	6305	13718
MN450851	6306	13643
MN450851	6307	13668
MN450851	6308	13655
MN450851	6309	13627
MN450851	6310	13799
MN450851	6311	13754
MN450851	6312	13721
MN450851	6313	13957
MN450851	6314	14052
MN450851	6315	13997
MN450851	6316	13995
MN450851	6317	13994
MN450851	6318	14133
MN450851	6319	14342
MN450851	6320	14324
MN450851	6321	14162
MN450851	6322	14101
MN450851	6323	14191
MN450851	6324	14169
MN450851	6325	14310
MN450851	6326	14298
MN450851	6327	14256
MN450851	6328	14238
MN450851	6329	14309
MN450851	6330	14316
MN450851	6331	14352
MN450851	6332	14447
MN450851	6333	14450
MN450851	6334	14531
MN450851	6335	14558
MN450851	6336	14584
MN450851	6337	14511
MN450851	6338	14315
MN450851	6339	14211
MN450851	6340	14221
MN450851	6341	14227
MN450851	6342	14225
MN450851	6343	14555
MN450851	6344	14421
MN450851	6345	14533
MN450851	6346	14495
MN450851	6347	14586
MN450851	6348	14585
MN450851	6349	14617
MN450851	6350	14507
MN450851	6351	14456
MN450851	6352	14396
MN450851	6353	14388
MN450851	6354	14458
MN450851	6355	14721
MN450851	6356	14948
MN450851	6357	14978
MN450851	6358	14681
MN450851	6359	14696
MN450851	6360	14738
MN450851	6361	14684
MN450851	6362	14727
MN450851	6363	14734
MN450851	6364	14706
MN450851	6365	14602
MN450851	6366	14582
MN450851	6367	14605
MN450851	6368	14601
MN450851	6369	14571
MN450851	6370	14568
MN450851	6371	14554
MN450851	6372	14684
MN450851	6373	14828
MN450851	6374	14696
MN450851	6375	14784
MN450851	6376	14877
MN450851	6377	14672
MN450851	6378	14707
MN450851	6379	14798
MN450851	6380	14719
MN450851	6381	14811
MN450851	6382	14840
MN450851	6383	14832
MN450851	6384	14790
MN450851	6385	14889
MN450851	6386	14789
MN450851	6387	14711
MN450851	6388	14881
MN450851	6389	14787
MN450851	6390	14827
MN450851	6391	14891
MN450851	6392	14938
MN450851	6393	15064
MN450851	6394	14969
MN450851	6395	14975
MN450851	6396	15014
MN450851	6397	15054
MN450851	6398	15184
MN450851	6399	15190
MN450851	6400	15143
MN450851	6401	15148
MN450851	6402	15214
MN450851	6403	15237
MN450851	6404	15292
MN450851	6405	15290
MN450851	6406	15210
MN450851	6407	15137
MN450851	6408	15358
MN450851	6409	15241
MN450851	6410	15237
MN450851	6411	15319
MN450851	6412	15276
MN450851	6413	15267
MN450851	6414	15207
MN450851	6415	15163
MN450851	6416	15138
MN450851	6417	15233
MN450851	6418	15379
MN450851	6419	15232
MN450851	6420	15025
MN450851	6421	15032
MN450851	6422	14995
MN450851	6423	14800
MN450851	6424	14700
MN450851	6425	14775
MN450851	6426	14713
MN450851	6427	14775
MN450851	6428	14834
MN450851	6429	14803
MN450851	6430	14941
MN450851	6431	14831
MN450851	6432	14947
MN450851	6433	14935
MN450851	6434	14865
MN450851	6435	15026
MN450851	6436	14959
MN450851	6437	15067
MN450851	6438	15090
MN450851	6439	15056
MN450851	6440	15103
MN450851	6441	15111
MN450851	6442	15180
MN450851	6443	15011
MN450851	6444	14948
MN450851	6445	15017
MN450851	6446	15057
MN450851	6447	15076
MN450851	6448	15044
MN450851	6449	15045
MN450851	6450	14965
MN450851	6451	15173
MN450851	6452	15179
MN450851	6453	15072
MN450851	6454	15086
MN450851	6455	15186
MN450851	6456	15354
MN450851	6457	15284
MN450851	6458	15395
MN450851	6459	15381
MN450851	6460	15309
MN450851	6461	15245
MN450851	6462	15281
MN450851	6463	15324
MN450851	6464	15091
MN450851	6465	15018
MN450851	6466	15041
MN450851	6467	15037
MN450851	6468	15108
MN450851	6469	15168
MN450851	6470	14924
MN450851	6471	14950
MN450851	6472	15069
MN450851	6473	15207
MN450851	6474	15110
MN450851	6475	15115
MN450851	6476	15008
MN450851	6477	15151
MN450851	6478	15144
MN450851	6479	15053
MN450851	6480	14998
MN450851	6481	15064
MN450851	6482	14989
MN450851	6483	14918
MN450851	6484	15015
MN450851	6485	15409
MN450851	6486	15534
MN450851	6487	15388
MN450851	6488	15518
MN450851	6489	15947
MN450851	6490	15928
MN450851	6491	15896
MN450851	6492	15910
MN450851	6493	16178
MN450851	6494	16157
MN450851	6495	16223
MN450851	6496	16221
MN450851	6497	16201
MN450851	6498	16185
MN450851	6499	16203
MN450851	6500	16383
MN450851	6501	16395
MN450851	6502	16479
MN450851	6503	16407
MN450851	6504	16385
MN450851	6505	16464
MN450851	6506	16119
MN450851	6507	16064
MN450851	6508	16099
MN450851	6509	15969
MN450851	6510	15898
MN450851	6511	15910
MN450851	6512	15902
MN450851	6513	15791
MN450851	6514	15884
MN450851	6515	15923
MN450851	6516	15945
MN450851	6517	16171
MN450851	6518	16156
MN450851	6519	15908
MN450851	6520	15935
MN450851	6521	15974
MN450851	6522	16009
MN450851	6523	15937
MN450851	6524	15887
MN450851	6525	15930
MN450851	6526	15830
MN450851	6527	15811
MN450851	6528	15874
MN450851	6529	16074
MN450851	6530	15980
MN450851	6531	16011
MN450851	6532	15992
MN450851	6533	16019
MN450851	6534	16348
MN450851	6535	16447
MN450851	6536	16381
MN450851	6537	16344
MN450851	6538	16360
MN450851	6539	16236
MN450851	6540	16249
MN450851	6541	16170
MN450851	6542	16240
MN450851	6543	16131
MN450851	6544	16111
MN450851	6545	16111
MN450851	6546	16193
MN450851	6547	16310
MN450851	6548	16287
MN450851	6549	16264
MN450851	6550	16210
MN450851	6551	16194
MN450851	6552	16327
MN450851	6553	16315
MN450851	6554	16433
MN450851	6555	16493
MN450851	6556	16392
MN450851	6557	16387
MN450851	6558	16412
MN450851	6559	16307
MN450851	6560	16367
MN450851	6561	16322
MN450851	6562	16284
MN450851	6563	16387
MN450851	6564	16418
MN450851	6565	16389
MN450851	6566	16367
MN450851	6567	16627
MN450851	6568	16580
MN450851	6569	16379
MN450851	6570	16806
MN450851	6571	16809
MN450851	6572	16774
MN450851	6573	16539
MN450851	6574	16568
MN450851	6575	16655
MN450851	6576	16676
MN450851	6577	16776
MN450851	6578	16632
MN450851	6579	16566
MN450851	6580	16676
MN450851	6581	16512
MN450851	6582	16515
MN450851	6583	16439
MN450851	6584	16357
MN450851	6585	16511
MN450851	6586	16329
MN450851	6587	16362
MN450851	6588	16451
MN450851	6589	16356
MN450851	6590	16530
MN450851	6591	16671
MN450851	6592	16813
MN450851	6593	16738
MN450851	6594	16922
MN450851	6595	16961
MN450851	6596	16927
MN450851	6597	16961
MN450851	6598	17130
MN450851	6599	17075
MN450851	6600	17320
MN450851	6601	17278
MN450851	6602	17118
MN450851	6603	17073
MN450851	6604	17097
MN450851	6605	17096
MN450851	6606	16914
MN450851	6607	16837
MN450851	6608	16812
MN450851	6609	16688
MN450851	6610	16772
MN450851	6611	16882
MN450851	6612	17002
MN450851	6613	17139
MN450851	6614	17087
MN450851	6615	16874
MN450851	6616	16829
MN450851	6617	16829
MN450851	6618	16940
MN450851	6619	16914
MN450851	6620	16721
MN450851	6621	16727
MN450851	6622	16711
MN450851	6623	16611
MN450851	6624	16500
MN450851	6625	16936
MN450851	6626	16996
MN450851	6627	17342
MN450851	6628	17273
MN450851	6629	17283
MN450851	6630	17341
MN450851	6631	17387
MN450851	6632	17273
MN450851	6633	17258
MN450851	6634	17285
MN450851	6635	17245
MN450851	6636	17281
MN450851	6637	17274
MN450851	6638	17266
MN450851	6639	16995
MN450851	6640	16893
MN450851	6641	16891
MN450851	6642	16964
MN450851	6643	16983
MN450851	6644	16940
MN450851	6645	16989
MN450851	6646	17014
MN450851	6647	16988
MN450851	6648	17022
MN450851	6649	16997
MN450851	6650	17070
MN450851	6651	17049
MN450851	6652	16921
MN450851	6653	16882
MN450851	6654	16907
MN450851	6655	16855
MN450851	6656	16767
MN450851	6657	16826
MN450851	6658	16587
MN450851	6659	16572
MN450851	6660	16749
MN450851	6661	16665
MN450851	6662	16723
MN450851	6663	16723
MN450851	6664	16667
MN450851	6665	16682
MN450851	6666	16627
MN450851	6667	16608
MN450851	6668	16677
MN450851	6669	16748
MN450851	6670	16586
MN450851	6671	16676
MN450851	6672	16641
MN450851	6673	16585
MN450851	6674	16552
MN450851	6675	16466
MN450851	6676	16327
MN450851	6677	16524
MN450851	6678	16579
MN450851	6679	16475
MN450851	6680	16706
MN450851	6681	16664
MN450851	6682	16887
MN450851	6683	16894
MN450851	6684	16917
MN450851	6685	16889
MN450851	6686	16943
MN450851	6687	16929
MN450851	6688	16991
MN450851	6689	17078
MN450851	6690	17433
MN450851	6691	17690
MN450851	6692	29714
MN450851	6693	29636
MN450851	6694	29619
MN450851	6695	29707
MN450851	6696	29734
MN450851	6697	29678
MN450851	6698	29768
MN450851	6699	29943
MN450851	6700	29769
MN450851	6701	29793
MN450851	6702	29958
MN450851	6703	29880
MN450851	6704	30266
MN450851	6705	30107
MN450851	6706	30083
MN450851	6707	30074
MN450851	6708	30202
MN450851	6709	30316
MN450851	6710	30490
MN450851	6711	30584
MN450851	6712	30509
MN450851	6713	30578
MN450851	6714	30532
MN450851	6715	30826
MN450851	6716	30772
MN450851	6717	30802
MN450851	6718	30855
MN450851	6719	31222
MN450851	6720	31132
MN450851	6721	30959
MN450851	6722	30979
MN450851	6723	31073
MN450851	6724	31054
MN450851	6725	31070
MN450851	6726	30948
MN450851	6727	30963
MN450851	6728	30827
MN450851	6729	30815
MN450851	6730	31183
MN450851	6731	31049
MN450851	6732	31107
MN450851	6733	31108
MN450851	6734	31134
MN450851	6735	31172
MN450851	6736	30980
MN450851	6737	30991
MN450851	6738	31007
MN450851	6739	31154
MN450851	6740	31768
MN450851	6741	31445
MN450851	6742	31106
MN450851	6743	31100
MN450851	6744	31102
MN450851	6745	31227
MN450851	6746	31297
MN450851	6747	31268
MN450851	6748	31090
MN450851	6749	31061
MN450851	6750	31367
MN450851	6751	31193
MN450851	6752	31214
MN450851	6753	31340
MN450851	6754	31292
MN450851	6755	31420
MN450851	6756	31308
MN450851	6757	31328
MN450851	6758	31357
MN450851	6759	31234
MN450851	6760	31267
MN450851	6761	31162
MN450851	6762	31119
MN450851	6763	31068
MN450851	6764	30838
MN450851	6765	30850
MN450851	6766	30802
MN450851	6767	30725
MN450851	6768	30734
MN450851	6769	30602
MN450851	6770	30602
MN450851	6771	30525
MN450851	6772	30502
MN450851	6773	30477
MN450851	6774	30427
MN450851	6775	30441
MN450851	6776	30322
MN450851	6777	30300
MN450851	6778	30050
MN450851	6779	30030
MN450851	6780	30843
MN450851	6781	30741
MN450851	6782	30665
MN450851	6783	30550
MN450851	6784	30404
MN450851	6785	30283
MN450851	6786	30240
MN450851	6787	30155
MN450851	6788	30041
MN450851	6789	29974
MN450851	6790	29922
MN450851	6791	29817
MN450851	6792	29751
MN450851	6793	29742
MN450851	6794	29683
MN450851	6795	29615
MN450851	6796	29357
MN450851	6797	29166
MN450851	6798	29133
MN450851	6799	29086
MN450851	6800	28935
MN450851	6801	28782
MN450851	6802	28681
MN450851	6803	28660
MN450851	6804	28538
MN450851	6805	28491
MN450851	6806	28413
MN450851	6807	28348
MN450851	6808	28208
MN450851	6809	28128
MN450851	6810	28058
MN450851	6811	27853
MN450851	6812	27814
MN450851	6813	27681
MN450851	6814	27621
MN450851	6815	27345
MN450851	6816	27263
MN450851	6817	27209
MN450851	6818	27149
MN450851	6819	26955
MN450851	6820	26712
MN450851	6821	26633
MN450851	6822	26434
MN450851	6823	26305
MN450851	6824	66
